"總目(編號)","總目","分目(編號)
","分目","項目(編號)
","涵蓋的範圍
","核准承擔額
$’000","截至31.3.2017止的累積開支
$’000","2017–18修訂預算開支
$’000","結餘
$’000"
"341","非經常補助金","014","樂智協會有限公司","002","為位於荃灣的樂智青年中心進行翻新工程","2012","0","53","1959"
"341","非經常補助金","017","防止虐待兒童會有限公司","002","為1間位於北角的保護兒童服務中心進行裝修工程","1478","1246","0","232"
"341","非經常補助金","025","雅麗氏何妙齡那打素慈善基金會","004","為位於九龍灣的雅麗氏何妙齡那打素護養院進行翻新工程","2207","1438","0","769"
"341","非經常補助金","035","建築署","045","在九廣鐵路旺角站興建1間老人中心及進行裝修工程","1458","0","0","1458"
"341","非經常補助金","035","建築署","348","在位於大角咀的香港小輪有限公司私人發展範圍內興建1間護理安老院","23121","10928","0","12193"
"341","非經常補助金","035","建築署","358","在西九龍填海區海輝道興建1間安老院","41858","17336","0","24522"
"341","非經常補助金","035","建築署","390","根據市區重建局發展計劃於灣仔利東街及麥加力歌街興建1間安老院暨社區支援服務中心","36630","27981","0","8649"
"341","非經常補助金","035","建築署","392","在九廣鐵路發展計劃馬鞍山線大圍車廠興建1間有100個宿位的安老院暨有20個名額的長者日間護理中心、1間長者鄰舍中心及1間青少年綜合服務中心","35702","30831","0","4871"
"341","非經常補助金","035","建築署","395","古洞北新發展區興建多種福利服務中心的合約前準備工作費用","15000","0","8000","7000"
"341","非經常補助金","037","循道衛理亞斯理社會服務處","002","為搬遷學校社會工作辦事處和成立綜合青少年服務中心分處往位於葵涌的新樓宇進行裝修工程","2080","0","0","2080"
"341","非經常補助金","068","浸信會愛羣社會服務處","018","為位於彩輝邨的浸信會愛羣社會服務處精神康復者家屬資源及服務中心進行翻新工程","981","0","0","981"
"341","非經常補助金","068","浸信會愛羣社會服務處","021","為1間位於葵青的精神健康綜合社區中心進行裝修工程","4042","0","3459","583"
"341","非經常補助金","068","浸信會愛羣社會服務處","022","為位於灣仔的樂羣樓中途宿舍原址擴展進行翻新工程","11158","0","0","11158"
"341","非經常補助金","068","浸信會愛羣社會服務處","023","支付總部大樓維修工程的費用","3867","0","0","3867"
"341","非經常補助金","069","基督教巴拿巴愛心服務團有限公司","002","為馬鞍山中途宿舍進行翻新工程及購置家具及設備","6918","6366","0","552"
"341","非經常補助金","072","庭恩兒童中心","002","為庭恩兒童中心在學習訓練津貼項目下提供新訓練名額購置家具及設備","602","0","0","602"
"341","非經常補助金","078","香港小童群益會","057","為搬遷位於沙田的賽馬會大圍青少年綜合服務中心進行裝修工程","8303","7618","457","228"
"341","非經常補助金","078","香港小童群益會","058","為搬遷位於觀塘的賽馬會秀茂坪青少年綜合服務中心的副辦事處進行裝修工程","1832","1700","0","132"
"341","非經常補助金","118","嘉頤護理有限公司","001","為沙田1間有100個名額的安老院進行裝修工程","19048","0","0","19048"
"341","非經常補助金","118","嘉頤護理有限公司","002","為沙田1間有100個名額的安老院購置家具和設備","3596","0","0","3596"
"341","非經常補助金","120","香港明愛","143","為位於沙田沙角邨銀鷗樓的蘇沙伉儷綜合家庭服務中心進行裝修工程","662","620","0","42"
"341","非經常補助金","120","香港明愛","167","為位於香港仔的明愛綜合家庭服務中心進行裝修工程","1423","1144","0","279"
"341","非經常補助金","120","香港明愛","195","為明愛荔康居進行消防／屋宇安全設施改善工程","2710","9","2343","358"
"341","非經常補助金","120","香港明愛","199","為位於黃大仙的明愛男士成長中心進行裝修工程","1185","1005","0","180"
"341","非經常補助金","120","香港明愛","201","為搬遷明愛東頭綜合家庭服務中心(黃大仙西南)進行裝修工程","7082","6282","0","800"
"341","非經常補助金","120","香港明愛","202","為搬遷位於沙田的明愛沙田長者中心進行裝修工程","574","492","0","82"
"341","非經常補助金","120","香港明愛","213","為位於灣仔的明愛樂協會進行翻新工程","2255","0","0","2255"
"341","非經常補助金","120","香港明愛","216","為位於屯門的明愛李嘉誠護理安老院進行窗戶修葺工程","728","0","631","97"
"341","非經常補助金","120","香港明愛","217","為明愛綜合家庭服務中心遷往粉嶺南政府綜合大樓進行裝修工程","9768","3535","0","6233"
"341","非經常補助金","120","香港明愛","218","為位於深水埗的1間展能中心暨嚴重弱智人士宿舍及弱智人士輔助宿舍進行裝修工程及購置家具及設備","22948","18780","2234","1934"
"341","非經常補助金","120","香港明愛","221","為位於柴灣的明愛香港太平洋獅子會幼兒學校進行翻新工程","998","0","0","998"
"341","非經常補助金","120","香港明愛","222","為明愛樂勤學校以1輛13座位石油氣私家輕型巴士更換1輛24座位柴油公共巴士","949","0","47","902"
"341","非經常補助金","120","香港明愛","224","為位於西營盤的明愛恩翠苑進行翻新工程","11082","0","30","11052"
"341","非經常補助金","120","香港明愛","225","為明愛隆亨綜合家居照顧服務進行翻新工程","2520","0","0","2520"
"341","非經常補助金","120","香港明愛","228","為明愛沙田綜合家居照顧服務更換1部車輛","1105","0","0","1105"
"341","非經常補助金","120","香港明愛","229","為位於荃灣的明愛服務中心重建項目用地的1間新安老院暨長者日間護理單位購置2部車輛","1875","0","0","1875"
"341","非經常補助金","120","香港明愛","230","為3間展能中心暨嚴重弱智人士宿舍購置3輛中心巴士","3014","0","0","3014"
"341","非經常補助金","120","香港明愛","231","為位於九龍城的明愛樂務綜合職業訓練中心進行翻新工程","9851","0","0","9851"
"341","非經常補助金","120","香港明愛","232","為私人土地作福利用途特別計劃下明愛荃灣服務中心重建項目的1間新安老院暨日間護理單位的資助宿位購置家具及設備","4279","0","0","4279"
"341","非經常補助金","120","香港明愛","233","為私人土地作福利用途特別計劃下明愛荃灣服務中心重建項目的1間安老院暨日間護理單位的自負盈虧宿位購置家具及設備","1635","0","0","1635"
"341","非經常補助金","120","香港明愛","234","為樂盛宿舍進行消防╱屋宇安全設施改善工程，以符合牌照要求","801","0","0","801"
"341","非經常補助金","120","香港明愛","235","為位於觀塘的1間新女童院購置家具及設備","3172","0","0","3172"
"341","非經常補助金","120","香港明愛","236","為搬遷明愛荃灣社區中心購置家具及設備","724","0","0","724"
"341","非經常補助金","120","香港明愛","237","為明愛樂進學校更換1部車輛","742","0","0","742"
"341","非經常補助金","120","香港明愛","238","為位於東涌的明愛富東苑進行翻新工程","6843","0","135","6708"
"341","非經常補助金","120","香港明愛","239","支付位於彩雲的明愛培立中心的斜坡鞏固工程費用","7050","0","0","7050"
"341","非經常補助金","120","香港明愛","240","為香港明愛樂華宿舍進行消防╱屋宇安全設施改善工程，以符合法例要求","451","0","0","451"
"341","非經常補助金","135","志蓮淨苑","011","為位於鑽石山的志蓮護理安老院更換洗衣設備","421","0","0","421"
"341","非經常補助金","135","志蓮淨苑","012","為位於鑽石山的志蓮護理安老院更換2部升降機","2999","0","0","2999"
"341","非經常補助金","138","中華基督教禮賢會香港區會","021","為位於葵涌的禮賢會詩田頤養院進行翻新工程及購置家具及設備","7157","5547","0","1610"
"341","非經常補助金","138","中華基督教禮賢會香港區會","022","為位於沙田的禮賢會王少清頤養院進行翻新工程及購置家具及設備","10729","10089","0","640"
"341","非經常補助金","138","中華基督教禮賢會香港區會","031","為搬遷位於沙田的禮賢會沙田長者鄰舍中心進行裝修工程","4518","0","0","4518"
"341","非經常補助金","140","香港中華基督教青年會","057","為位於上環的必愛之家庇護工場進行翻新工程","2480","0","104","2376"
"341","非經常補助金","140","香港中華基督教青年會","058","為位於秀茂坪的聯青聾人中心進行翻新工程","2524","2263","0","261"
"341","非經常補助金","140","香港中華基督教青年會","059","為位於香港仔的華愛之家進行翻新工程","2626","1536","697","393"
"341","非經常補助金","140","香港中華基督教青年會","062","為位於上環的必愛之家進行翻新工程","6136","0","257","5879"
"341","非經常補助金","140","香港中華基督教青年會","064","為位於粉嶺的盛愛之家進行翻新工程","2794","0","0","2794"
"341","非經常補助金","140","香港中華基督教青年會","065","為位於上水的天平頤康之家進行翻新工程及購置家具及設備，把安老院宿位改為長期護理宿位","18471","0","0","18471"
"341","非經常補助金","140","香港中華基督教青年會","066","為柴灣青少年深宵外展服務更換1部車輛","437","0","0","437"
"341","非經常補助金","140","香港中華基督教青年會","067","為荃灣青少年深宵外展服務更換1部車輛","437","0","0","437"
"341","非經常補助金","140","香港中華基督教青年會","068","為盛愛之家庇護工場更換1部車輛","1012","0","0","1012"
"341","非經常補助金","144","青松觀有限公司","016","支付位於元朗的青松護理安老院更換升降機的費用","1022","0","0","1022"
"341","非經常補助金","150","基督教家庭服務中心","051","為位於將軍澳翠林邨的1間長者日間護理中心進行裝修工程","3727","3406","0","321"
"341","非經常補助金","150","基督教家庭服務中心","063","為位於將軍澳的誠望輔助宿舍進行翻新工程","2616","2385","0","231"
"341","非經常補助金","150","基督教家庭服務中心","064","為位於將軍澳的誠信兒童之家進行翻新工程","1600","1309","0","291"
"341","非經常補助金","150","基督教家庭服務中心","065","為位於柴灣的安怡宿舍及安愉宿舍進行翻新工程","3392","73","1473","1846"
"341","非經常補助金","150","基督教家庭服務中心","068","為搬遷位於觀塘的日間社區康復中心進行裝修工程","4762","3574","0","1188"
"341","非經常補助金","150","基督教家庭服務中心","069","為位於將軍澳的任白慈善基金景林安老院進行翻新工程及購置家具及設備","15330","0","0","15330"
"341","非經常補助金","150","基督教家庭服務中心","070","為彩盈長者日間護理中心以1輛14座位石油氣私家輕型巴士更換1輛14座位石油氣私家輕型巴士","945","0","0","945"
"341","非經常補助金","150","基督教家庭服務中心","072","為1間展能中心暨嚴重弱智人士宿舍及1間日間社區康復中心購置2輛中心巴士","2010","0","0","2010"
"341","非經常補助金","150","基督教家庭服務中心","073","為位於將軍澳的翠林宿舍進行翻新工程","6211","0","42","6169"
"341","非經常補助金","150","基督教家庭服務中心","074","為觀塘綜合家居照顧服務購置1部車輛","1131","0","0","1131"
"341","非經常補助金","150","基督教家庭服務中心","075","為2間位於黃大仙的輕度弱智兒童之家進行裝修工程","5715","0","0","5715"
"341","非經常補助金","150","基督教家庭服務中心","076","為成立2間位於黃大仙的新輕度弱智兒童之家購置家具及設備","753","0","0","753"
"341","非經常補助金","150","基督教家庭服務中心","077","為基督教家庭服務中心任白慈善基金景林安老院更換1部車輛","1118","0","0","1118"
"341","非經常補助金","158","竹林明堂有限公司","006","為竹林明堂護理安老院提升院舍醫院牀的設置","676","629","0","47"
"341","非經常補助金","162","鐘聲慈善社","004","為位於青衣的劉梅軒安老院進行翻新工程及購置家具及設備","16082","0","86","15996"
"341","非經常補助金","162","鐘聲慈善社","005","為蔡裕輝老人日間護理中心購置車輛","1602","0","0","1602"
"341","非經常補助金","162","鐘聲慈善社","006","為劉梅軒安老院以1輛14座位石油氣私家輕型巴士更換1輛14座位柴油私家輕型巴士","821","0","0","821"
"341","非經常補助金","162","鐘聲慈善社","007","為田家炳老人日間護理中心以2輛14座位石油氣私家輕型巴士更換2輛12座位柴油私家輕型巴士","1602","0","0","1602"
"341","非經常補助金","166","鍾錫熙長洲安老院有限公司","006","為鍾錫熙長洲安老院進行翻新工程","1481","1315","0","166"
"341","非經常補助金","170","中華基督教會","006","為屯門特殊幼兒中心更換1部車輛","819","0","0","819"
"341","非經常補助金","172","香港善牧女修會會長","011","支付彩雲宿舍土地勘測工程的費用","515","0","184","331"
"341","非經常補助金","213","頤盈投資有限公司","003","為位於慈雲山的紫雲間沁怡護養院進行翻新工程及購置家具及設備","1573","662","492","419"
"341","非經常補助金","213","頤盈投資有限公司","004","為位於荃灣的1間安老院暨日間護理單位進行裝修工程","33322","0","29657","3665"
"341","非經常補助金","213","頤盈投資有限公司","005","為位於荃灣的1間新安老院暨日間護理單位購置家具及設備","4610","0","3197","1413"
"341","非經常補助金","218","基督教香港信義會社會服務部總處","046","為位於沙田的馬鞍山長者地區中心暨日間護理單位的新增部分進行裝修工程","3419","3026","0","393"
"341","非經常補助金","218","基督教香港信義會社會服務部總處","050","為位於天水圍的天朗中心進行裝修工程","2162","1897","161","104"
"341","非經常補助金","218","基督教香港信義會社會服務部總處","059","為搬遷葵涌殘疾人士地區支援中心購置家具及設備","553","0","0","553"
"341","非經常補助金","218","基督教香港信義會社會服務部總處","060","為搬遷葵涌殘疾人士地區支援中心進行裝修工程","6141","0","1497","4644"
"341","非經常補助金","218","基督教香港信義會社會服務部總處","062","為1間展能中心暨嚴重弱智人士宿舍購置1輛中心巴士","1005","0","0","1005"
"341","非經常補助金","218","基督教香港信義會社會服務部總處","063","為天水圍外展社會工作隊更換1部車輛","457","0","0","457"
"341","非經常補助金","221","香港大學","007","推行1項為期3年有關改善香港長期護理基礎設施的計劃","24676","18507","0","6169"
"341","非經常補助金","221","香港大學","008","為推行第二階段長者社區照顧服務券試驗計劃進行評估研究","1430","0","286","1144"
"341","非經常補助金","221","香港大學","009","為新的安老服務統一評估機制推行為期兩年的實驗計劃","8778","0","0","8778"
"341","非經常補助金","222","基督教福音信義會有限公司","001","支付擬於元朗興建1間教堂暨安老院的發展項目的技術可行性研究費用","2530","0","0","2530"
"341","非經常補助金","223","永善亞洲有限公司","001","為位於觀塘的恩耆頤養院購置家具及設備","2181","0","0","2181"
"341","非經常補助金","248","榮頌團契有限公司","001","支付位於小欖的1間藥物倚賴者治療康復中心的修葺及改善工程和購置家具及設備的費用","10468","176","0","10292"
"341","非經常補助金","265","民政事務總署","002","為慶祝香港特別行政區成立二十周年而舉辦的「共慶回歸顯關懷」計劃","80000","24181","35052","20767"
"341","非經常補助金","268","基督教靈實協會","026","為位於將軍澳的1間殘疾人士地區支援中心進行裝修工程","3626","3154","0","472"
"341","非經常補助金","268","基督教靈實協會","033","為位於將軍澳的尚德中心進行翻新工程","2664","2194","0","470"
"341","非經常補助金","268","基督教靈實協會","034","為位於將軍澳的靈實護養院進行冷氣工程","1890","0","0","1890"
"341","非經常補助金","268","基督教靈實協會","035","為位於將軍澳的厚德中心進行翻新工程","2601","20","0","2581"
"341","非經常補助金","268","基督教靈實協會","036","為位於將軍澳的1間長者日間護理中心進行裝修工程","5739","4222","0","1517"
"341","非經常補助金","268","基督教靈實協會","039","為黃大仙及西貢(二)區的改善家居及社區照顧服務隊購置1輛經改裝的16座位石油氣私家輕型巴士及設備","1180","914","124","142"
"341","非經常補助金","268","基督教靈實協會","042","增建位於將軍澳的靈實胡平頤養院","63191","0","0","63191"
"341","非經常補助金","268","基督教靈實協會","043","為位於將軍澳的靈實護養院進行改善工程","2374","0","0","2374"
"341","非經常補助金","268","基督教靈實協會","044","支付位於將軍澳的靈實胡平頤養院的調遷工程和搬遷費用","1153","0","0","1153"
"341","非經常補助金","268","基督教靈實協會","046","為3間展能中心暨嚴重弱智人士宿舍及1間日間社區康復中心購置4輛中心巴士","4019","0","0","4019"
"341","非經常補助金","268","基督教靈實協會","047","為明德日間活動中心暨宿舍進行消防／屋宇安全設施改善工程，以符合牌照要求","8788","0","0","8788"
"341","非經常補助金","268","基督教靈實協會","048","為翠林智樂居殘疾人士院舍進行消防／屋宇安全設施改善工程","7898","0","0","7898"
"341","非經常補助金","268","基督教靈實協會","049","為靈實翠林智樂居購置1部車輛","1126","0","0","1126"
"341","非經常補助金","268","基督教靈實協會","050","為位於將軍澳的靈實護養院購置家具及設備","1837","0","0","1837"
"341","非經常補助金","268","基督教靈實協會","051","把西貢中心小學舊址改建為社會服務綜合大樓，內設1間有100個名額的安老院舍暨有30個名額的長者日間護理單位，以及1間有60個名額的展能中心暨有60個名額的嚴重弱智人士宿舍","86410","0","0","86410"
"341","非經常補助金","270","協康會","052","為遷往旺角西的砵蘭街早期教育及訓練中心、大坑東家長資源中心及康苗幼兒中心進行裝修工程","6071","5560","0","511"
"341","非經常補助金","270","協康會","065","為位於將軍澳裕明苑的1間特殊幼兒中心暨早期教育及訓練中心進行裝修工程","3752","3494","0","258"
"341","非經常補助金","270","協康會","072","為擴充位於柴灣的協康會環翠中心進行裝修工程","1880","1525","262","93"
"341","非經常補助金","270","協康會","078","為搬遷位於深水埗的白田早期教育及訓練中心進行裝修工程","4030","3170","0","860"
"341","非經常補助金","270","協康會","080","為搬遷位於薄扶林的協康會慶華中心進行裝修工程","2369","1499","0","870"
"341","非經常補助金","270","協康會","082","為1間位於觀塘的早期教育及訓練中心進行裝修工程","3004","2713","0","291"
"341","非經常補助金","270","協康會","084","為位於薄扶林的協康會慶華中心進行重建工程","130645","63732","49126","17787"
"341","非經常補助金","270","協康會","085","為擴展位於柴灣的環翠中心購置家具及設備","2240","1985","0","255"
"341","非經常補助金","270","協康會","086","支付協康會在學習訓練津貼項目下提供新訓練名額的開展費用","1750","243","1504","3"
"341","非經常補助金","270","協康會","089","為位於荃灣的大窩口中心進行翻新工程","2306","14","1538","754"
"341","非經常補助金","270","協康會","091","為位於元朗的水邊圍中心進行翻新工程","3197","15","2890","292"
"341","非經常補助金","270","協康會","093","為富昌中心更換2部車輛","1769","0","70","1699"
"341","非經常補助金","270","協康會","094","為協康會慶華中心購置1部車輛","2022","0","0","2022"
"341","非經常補助金","270","協康會","095","為搬遷和擴充協康會慶華中心重建項目的特殊幼兒中心購置家具及設備","2474","80","24","2370"
"341","非經常補助金","270","協康會","096","為1間位於協康會慶華中心重建項目的早期教育及訓練中心購置家具及設備","1922","0","55","1867"
"341","非經常補助金","270","協康會","097","為雷瑞德夫人中心更換1部車輛","1873","0","0","1873"
"341","非經常補助金","270","協康會","098","為慶華中心更換1部車輛","1882","0","0","1882"
"341","非經常補助金","270","協康會","099","為協康會在學習訓練津貼項目下提供新訓練名額購置家具及設備","1989","0","0","1989"
"341","非經常補助金","276","伸手助人協會","005","為位於西貢的樟木頭老人度假中心興建1間新安老院和進行裝修工程及購置家具及設備","82198","71813","2030","8355"
"341","非經常補助金","276","伸手助人協會","010","為位於西貢的樟木頭老人度假中心－日間護理單位原址擴展進行翻新工程及購置家具及設備","2706","2628","0","78"
"341","非經常補助金","276","伸手助人協會","011","為位於深水埗的前澤安賽馬會護老院進行修復工程","904","776","0","128"
"341","非經常補助金","276","伸手助人協會","015","為樟木頭老人度假中心進行翻新工程及購置家具及設備","18619","218","0","18401"
"341","非經常補助金","276","伸手助人協會","016","為畢尚華神父護老頤養院更換1部車輛","1085","0","0","1085"
"341","非經常補助金","280","香海正覺蓮社","011","為佛教李嘉誠護理安老院進行翻新工程","5844","4905","0","939"
"341","非經常補助金","280","香海正覺蓮社","019","為位於粉嶺的佛教寶靜護理安老院進行翻新工程","5217","4581","276","360"
"341","非經常補助金","280","香海正覺蓮社","031","為位於粉嶺的香海正覺蓮社佛教寶靜護理安老院的重建工程進行技術可行性研究","2992","0","0","2992"
"341","非經常補助金","280","香海正覺蓮社","032","為位於粉嶺的佛教寶靜安老院進行翻新工程及購置家具及設備，把安老院宿位改為長期護理宿位","35208","0","0","35208"
"341","非經常補助金","288","港九街坊婦女會有限公司","005","為位於美林邨的丁孫慧珠幼兒園進行翻新工程及購置家具及設備","706","502","0","204"
"341","非經常補助金","290","港澳信義會社會服務有限公司","006","為位於鴨脷洲的港澳信義會懷耆苑進行翻新工程及購置家具及設備","9669","0","7237","2432"
"341","非經常補助金","296","香港老年學會","002","推行安老院質素提升計劃","19983","4996","7494","7493"
"341","非經常補助金","300","匡智會","052","為位於沙田的賽馬會匡智新翠工場暨宿舍進行翻新工程","6719","5149","0","1570"
"341","非經常補助金","300","匡智會","055","為1間位於觀塘順利邨的殘疾人士地區支援中心進行裝修工程","3871","3639","0","232"
"341","非經常補助金","300","匡智會","057","為位於荃灣的匡智梨木樹中心(嚴重弱智人士宿舍部分)原址擴展進行改建工程及購置家具及設備","3551","3169","0","382"
"341","非經常補助金","300","匡智會","062","為位於柴灣的賽馬會匡智小西灣工場進行翻新工程","4555","4146","10","399"
"341","非經常補助金","300","匡智會","063","為位於天水圍的匡智瑞財中心及匡智瑞財宿舍進行翻新工程","8212","6987","0","1225"
"341","非經常補助金","300","匡智會","068","為位於大埔的匡智富亨宿舍進行翻新工程","6827","6428","0","399"
"341","非經常補助金","300","匡智會","072","為匡智富善宿舍進行消防／屋宇安全設施改善工程","637","507","0","130"
"341","非經常補助金","300","匡智會","084","為位於黃大仙的滙豐銀行慈善基金匡智東頭宿舍進行翻新工程","6351","0","0","6351"
"341","非經常補助金","300","匡智會","085","為位於大埔的1間特殊幼兒中心暨早期教育及訓練中心購置家具及設備","1736","0","1735","1"
"341","非經常補助金","300","匡智會","086","為位於大埔的1間特殊幼兒中心暨早期教育及訓練中心進行裝修工程","4714","2647","1265","802"
"341","非經常補助金","300","匡智會","087","為搬遷位於上水的匡智殘疾人士地區支援中心購置家具及設備","555","0","554","1"
"341","非經常補助金","300","匡智會","089","為搬遷位於上水的匡智殘疾人士地區支援中心進行裝修工程","5935","4627","0","1308"
"341","非經常補助金","300","匡智會","090","為位於大埔的匡智運頭塘中心進行裝修工程","3883","0","0","3883"
"341","非經常補助金","300","匡智會","091","為位於大埔的匡智運頭塘中心購置家具及設備","1648","0","0","1648"
"341","非經常補助金","300","匡智會","093","為5間展能中心暨嚴重弱智人士宿舍購置5輛中心巴士","5023","0","0","5023"
"341","非經常補助金","300","匡智會","094","為沙田2間新輕度弱智兒童之家進行裝修工程","4005","0","0","4005"
"341","非經常補助金","300","匡智會","095","為沙田2間新輕度弱智兒童之家購置家具及設備","662","0","0","662"
"341","非經常補助金","300","匡智會","096","為匡智會匡智松嶺第三校購置1部車輛","1134","0","0","1134"
"341","非經常補助金","300","匡智會","097","為成立1間位於松嶺學前兒童中心的新特殊幼兒中心購置家具及設備","3447","0","0","3447"
"341","非經常補助金","300","匡智會","098","為搬遷和擴充位於松嶺學前兒童中心的早期教育及訓練中心購置家具及設備","644","0","0","644"
"341","非經常補助金","300","匡智會","099","為搬遷和擴充位於松嶺學前兒童中心的住宿特殊幼兒中心購置家具及設備","1687","0","0","1687"
"341","非經常補助金","300","匡智會","100","為搬遷和擴充位於匡智之家的輕度弱智兒童之家購置家具及設備","2196","0","0","2196"
"341","非經常補助金","300","匡智會","101","為匡智梨木樹中心更換1部車輛","1086","0","0","1086"
"341","非經常補助金","300","匡智會","102","為香港西區扶輪社匡智晨輝學校購置1部車輛","878","0","0","878"
"341","非經常補助金","300","匡智會","104","為匡智會匡智松嶺學校更換1部車輛","703","0","0","703"
"341","非經常補助金","310","香港公教婚姻輔導會","006","為位於堅尼地城的恩悅綜合家庭服務中心分處進行裝修工程","1258","937","0","321"
"341","非經常補助金","316","香港菩提學會有限公司","006","為位於荃灣的佛教菩提護理安老院進行翻新工程","4161","1695","1592","874"
"341","非經常補助金","320","香港佛教聯合會","004","為位於觀塘的佛教沈馬瑞英護理安老院進行翻新工程及購置家具及設備","14559","13641","4","914"
"341","非經常補助金","320","香港佛教聯合會","008","為佛教沈馬瑞英護理安老院更換1部車輛","1015","0","0","1015"
"341","非經常補助金","320","香港佛教聯合會","009","為佛教沈馬瑞英護理安老院購置家具及設備","550","0","0","550"
"341","非經常補助金","330","香港青少年服務處","002","為香港青少年服務處紅磡綜合家庭服務中心分處進行裝修工程","709","0","0","709"
"341","非經常補助金","340","香港基督教服務處","066","為位於尖沙咀的基督教協進大樓更換2部載客升降機","1793","988","0","805"
"341","非經常補助金","340","香港基督教服務處","067","為荷花長者日間護理中心遷往深水埗進行裝修工程","2162","1969","0","193"
"341","非經常補助金","340","香港基督教服務處","069","為搬遷位於深水埗的深水埗綜合家居照顧服務隊進行裝修工程","3126","2782","0","344"
"341","非經常補助金","340","香港基督教服務處","078","為搬遷位於深水埗的家情綜合家庭服務中心進行裝修工程","7449","6106","0","1343"
"341","非經常補助金","340","香港基督教服務處","083","為搬遷觀塘青少年綜合服務－觀塘樂Teen會進行裝修工程","9915","0","0","9915"
"341","非經常補助金","340","香港基督教服務處","084","為搬遷觀塘青少年綜合服務－觀塘樂Teen會購置家具及設備","447","0","0","447"
"341","非經常補助金","340","香港基督教服務處","085","為位於尖沙咀的社會服務大樓進行翻新工程","855","0","0","855"
"341","非經常補助金","340","香港基督教服務處","086","為香港基督教服務處在學習訓練津貼項目下提供新訓練名額購置家具及設備","1311","0","0","1311"
"341","非經常補助金","360","香港社會服務聯會","048","為位於灣仔的溫莎公爵社會服務大廈進行消防安全改善工程","3842","0","0","3842"
"341","非經常補助金","360","香港社會服務聯會","049","推行1項為期4年的非政府機構董事會網絡試驗計劃","9703","2426","1819","5458"
"341","非經常補助金","370","香港善導會","028","為位於樂富的扶輪(樂富)宿舍進行翻新工程","2093","0","0","2093"
"341","非經常補助金","370","香港善導會","030","為位於灣仔的總辦事處進行翻新工程","1980","1745","0","235"
"341","非經常補助金","370","香港善導會","032","為位於葵涌的新生宿舍進行翻新工程","3217","63","0","3154"
"341","非經常補助金","370","香港善導會","033","為秦石宿舍進行消防／屋宇安全設施改善工程，以符合牌照要求","1388","10","0","1378"
"341","非經常補助金","370","香港善導會","034","為香港善導會筲箕灣宿舍進行翻新工程","7267","30","0","7237"
"341","非經常補助金","370","香港善導會","035","為朗日居進行消防／屋宇安全設施改善工程，以符合牌照要求","438","0","0","438"
"341","非經常補助金","370","香港善導會","036","為位於屯門的陳震夏怡翠軒進行翻新工程","4307","0","0","4307"
"341","非經常補助金","390","香港家庭福利會","048","為東九龍(順安)分會綜合家居照顧服務購置1部車輛","1131","0","0","1131"
"341","非經常補助金","400","香港青年協會","074","為1間位於香港仔的互動多媒體輔導中心進行裝修工程","5532","5121","0","411"
"341","非經常補助金","400","香港青年協會","075","為位於大埔的青年宿舍項目進行詳細設計及地盤勘測工作","1270","0","500","770"
"341","非經常補助金","400","香港青年協會","077","支付位於大埔的香港青年協會獅子會大埔青年空間原址重建的部分建築費用","24000","0","0","24000"
"341","非經常補助金","400","香港青年協會","078","為1間位於洪水橋的綜合青少年服務中心進行裝修工程","10606","0","0","10606"
"341","非經常補助金","419","香港弱智人士家長聯會","001","為毅行者社區教育中心進行翻新工程","1306","1210","0","96"
"341","非經常補助金","444","香港傷健協會","014","為位於黃大仙的九龍東傷健中心進行翻新工程及購置家具及設備","3096","0","28","3068"
"341","非經常補助金","444","香港傷健協會","015","為位於柴灣的港島傷健中心進行翻新工程及購置家具及設備","3056","2361","0","695"
"341","非經常補助金","444","香港傷健協會","019","為薄扶林展亮技能發展中心的公用地方改裝升降機門","688","0","0","688"
"341","非經常補助金","444","香港傷健協會","020","為搬遷位於坪洲的坪洲長者暨青少年鄰舍中心進行裝修工程","9036","0","0","9036"
"341","非經常補助金","450","香港遊樂場協會","027","為位於觀塘彩德邨的1間綜合青少年服務中心進行裝修工程","6350","5872","0","478"
"341","非經常補助金","450","香港遊樂場協會","028","為位於旺角的旺角青少年綜合服務中心進行翻新工程","3006","0","2285","721"
"341","非經常補助金","450","香港遊樂場協會","031","為賽馬會青衣青少年綜合服務中心進行翻新工程","5451","0","0","5451"
"341","非經常補助金","460","香港紅十字會","030","為位於西九龍填海區海庭道的紅十字會總部大樓進行重建工程","83780","50665","0","33115"
"341","非經常補助金","460","香港紅十字會","032","為位於觀塘的香港紅十字會順利宿舍進行翻新工程","4478","3756","0","722"
"341","非經常補助金","475","香港社會工作人員協會有限公司","003","推行為期3年的督導支援試驗計劃","3962","3674","66","222"
"341","非經常補助金","476","香港復康會","011","為位於觀塘的藍田綜合中心進行斜坡勘測及修葺工程","498","473","0","25"
"341","非經常補助金","476","香港復康會","014","為位於觀塘的藍田綜合中心進行斜坡工程的顧問費用","420","210","0","210"
"341","非經常補助金","476","香港復康會","015","為位於觀塘的藍田綜合中心進行勘探工程","900","793","13","94"
"341","非經常補助金","476","香港復康會","016","支付位於觀塘的藍田綜合中心的斜坡改善工程費用","6165","0","0","6165"
"341","非經常補助金","476","香港復康會","017","在私人土地作福利用途特別計劃下為觀塘藍田綜合中心重建項目進行技術可行性研究","1859","0","0","1859"
"341","非經常補助金","476","香港復康會","018","為搬遷位於沙田的社區復康網絡新界東服務站進行裝修工程","2793","0","0","2793"
"341","非經常補助金","480","香港耆康老人福利會","088","為位於沙田的耆康會群芳念慈護理安老院進行翻新工程","28809","24661","830","3318"
"341","非經常補助金","480","香港耆康老人福利會","089","為位於九龍灣的啟業護理安老院進行翻新工程及購置家具及設備","7082","6253","0","829"
"341","非經常補助金","480","香港耆康老人福利會","094","為位於荃灣的石圍角護理安老院進行翻新工程及購置家具及設備","10353","8203","548","1602"
"341","非經常補助金","480","香港耆康老人福利會","096","為位於葵涌的耆康會新葵興花園老人日間護理中心進行翻新工程","2141","1803","18","320"
"341","非經常補助金","480","香港耆康老人福利會","097","為1間位於葵青的長者日間護理中心進行裝修工程","4909","4541","85","283"
"341","非經常補助金","480","香港耆康老人福利會","100","為位於藍田的馮堯敬夫人護理安老院進行翻新工程及購置家具及設備","13856","60","60","13736"
"341","非經常補助金","480","香港耆康老人福利會","102","為香港耆康會群芳念慈護理安老院更換1部車輛","1026","0","0","1026"
"341","非經常補助金","480","香港耆康老人福利會","103","為香港耆康會何善衡夫人敬老院更換1部車輛","1125","0","0","1125"
"341","非經常補助金","480","香港耆康老人福利會","104","為位於沙田的王余家潔紀念護理安老院進行翻新工程及購置家具及設備，把安老院宿位改為長期護理宿位","18261","0","0","18261"
"341","非經常補助金","484","香港盲人輔導會","030","為位於深水埗的賽馬會盲人中心(西翼)進行水管及渠務系統維修工程及更換電梯","4450","3702","129","619"
"341","非經常補助金","484","香港盲人輔導會","031","為位於土瓜灣的盲人工廠進行外牆修葺工程","2058","494","0","1564"
"341","非經常補助金","484","香港盲人輔導會","036","為賽馬會屯門盲人安老院進行翻新工程","2877","2616","117","144"
"341","非經常補助金","484","香港盲人輔導會","040","為九龍盲人安老院進行消防／屋宇安全設施改善工程","2086","1371","480","235"
"341","非經常補助金","484","香港盲人輔導會","042","為1間展能中心暨嚴重弱智人士宿舍購置1輛中心巴士","1005","0","0","1005"
"341","非經常補助金","484","香港盲人輔導會","043","在私人土地作福利用途特別計劃下為土瓜灣盲人工廠重建項目進行技術可行性研究","3700","0","0","3700"
"341","非經常補助金","486","香港聾人福利促進會","008","為位於屯門的早期教育及訓練中心的搬遷和擴展及聽覺受損人士綜合服務中心分處的擴展購置家具及設備","800","0","0","800"
"341","非經常補助金","486","香港聾人福利促進會","009","為位於屯門的早期教育及訓練中心的搬遷和擴展及聽覺受損人士綜合服務中心分處的擴展進行裝修工程","4823","0","0","4823"
"341","非經常補助金","490","香港保護兒童會","039","為位於旺角的童樂居進行翻新工程","9702","3970","2958","2774"
"341","非經常補助金","490","香港保護兒童會","041","為位於旺角砵蘭街的總部大樓進行翻新工程","554","0","0","554"
"341","非經常補助金","490","香港保護兒童會","042","為位於旺角的百佳員工慈善基金幼兒學校進行翻新工程及購置家具及設備","435","0","342","93"
"341","非經常補助金","490","香港保護兒童會","043","為位於將軍澳的施吳淑敏幼兒學校購置家具及設備","412","0","0","412"
"341","非經常補助金","490","香港保護兒童會","044","為位於調景嶺的香港保護兒童會維景灣幼兒學校進行翻新工程","458","0","0","458"
"341","非經常補助金","510","香港學生輔助會有限公司","019","為位於石壁的石壁宿舍進行翻新工程","3070","0","0","3070"
"341","非經常補助金","510","香港學生輔助會有限公司","020","為位於將軍澳的馬可紀念之家進行翻新工程","14479","0","0","14479"
"341","非經常補助金","512","香港防癆心臟及胸病協會","006","為傅麗儀護理安老院更換1部車輛","955","0","0","955"
"341","非經常補助金","516","香港基督教女青年會","065","為位於鴨脷洲利東邨的鄭傍卿紀念松柏苑進行翻新工程及購置家具及設備","13893","11931","236","1726"
"341","非經常補助金","516","香港基督教女青年會","069","為位於堅尼地城的觀龍樓社區工作辦事處的新增部分進行裝修工程","892","830","0","62"
"341","非經常補助金","530","房屋署","125","在深水埗前長沙灣警察宿舍舊址興建1間有150個名額的安老院","47404","36040","54","11310"
"341","非經常補助金","530","房屋署","126","在沙田第52區興建1間有100個名額的安老院","26656","20578","250","5828"
"341","非經常補助金","530","房屋署","127","在東涌第56區的公共屋邨發展項目興建1間有100個名額的安老院","46861","26522","4954","15385"
"341","非經常補助金","530","房屋署","128","在荃灣大窩口工廠大廈舊址興建1間有80個名額的長者日間護理中心","38662","27273","3228","8161"
"341","非經常補助金","530","房屋署","129","在白田社區會堂興建1間特殊幼兒中心暨早期教育及訓練中心","68690","0","7500","61190"
"341","非經常補助金","530","房屋署","130","在葵涌已婚警察宿舍舊址興建1間有100個名額的安老院舍暨有20個名額的長者日間護理單位","49019","22686","10000","16333"
"341","非經常補助金","530","房屋署","131","在觀塘安達臣道興建1間有100個名額的安老院舍暨有20個名額的長者日間護理單位","65043","33628","16688","14727"
"341","非經常補助金","530","房屋署","132","在沙田碩門邨二期興建1間有150個名額的安老院舍暨有30個名額的長者日間護理單位","123990","6598","8000","109392"
"341","非經常補助金","530","房屋署","133","在沙田火炭第16及58D區興建1間有100個名額的安老院舍","31353","4504","3684","23165"
"341","非經常補助金","530","房屋署","134","在上水興建1間有100個名額的安老院舍","55122","783","0","54339"
"341","非經常補助金","530","房屋署","135","在深水埗西北九龍填海區公共房屋發展項目的社會福利設施大樓興建1間有100個名額的安老院舍","55087","90","4604","50393"
"341","非經常補助金","530","房屋署","136","在大埔公共房屋發展項目的社會福利設施大樓興建1間有100個名額的安老院舍","84457","0","1148","83309"
"341","非經常補助金","530","房屋署","137","在將軍澳公共房屋發展項目的服務設施大樓內興建1間長者鄰舍中心、成立1支青少年外展社會工作隊，以及興建1間有60個名額的特殊幼兒中心及1間有90個名額的早期教育及訓練中心","83140","0","0","83140"
"341","非經常補助金","530","房屋署","138","在馬鞍山恆泰路公共租住房屋發展計劃內興建1間有100個名額的安老院舍","80236","0","0","80236"
"341","非經常補助金","580","香港蘇浙滬同鄉會","008","為屯門安老院進行翻新工程及購置家具及設備","13245","7599","3296","2350"
"341","非經常補助金","580","香港蘇浙滬同鄉會","009","為位於葵涌的葵青安老院進行翻新工程及購置家具及設備","17070","0","0","17070"
"341","非經常補助金","600","基督教懷智服務處","024","為位於石硤尾的南山中心進行翻新工程","3971","3245","0","726"
"341","非經常補助金","600","基督教懷智服務處","027","為悅屏宿舍進行消防／屋宇安全設施改善工程","696","0","550","146"
"341","非經常補助金","600","基督教懷智服務處","028","為白普理田景中心及宿舍進行消防／屋宇安全設施改善工程，以符合牌照要求","2420","0","0","2420"
"341","非經常補助金","600","基督教懷智服務處","029","為位於石硤尾的總辦事處進行翻新工程","1165","0","0","1165"
"341","非經常補助金","600","基督教懷智服務處","030","為5間展能中心暨嚴重弱智人士宿舍購置5輛中心巴士","5023","0","0","5023"
"341","非經常補助金","600","基督教懷智服務處","031","為位於元州邨的基督教懷智服務處工場及宿舍更換1部車輛","979","0","0","979"
"341","非經常補助金","610","藍田街坊福利會有限公司","003","為位於藍田廣田邨的1間長者活動中心進行翻新工程","2376","2045","153","178"
"341","非經常補助金","620","九龍樂善堂","011","為位於大角咀的1間安老院進行裝修工程","18963","17295","0","1668"
"341","非經常補助金","620","九龍樂善堂","014","為位於黃大仙的梁銶琚敬老之家進行翻新工程，把安老院宿位改為長期護理宿位","11107","0","0","11107"
"341","非經常補助金","630","香海蓮社","002","為慈恩學校更換1部車輛","947","0","0","947"
"341","非經常補助金","634","香港路德會社會服務處","077","為長洲的路德會陳恩美幼兒園進行翻新工程及購置家具及設備","4096","2544","956","596"
"341","非經常補助金","634","香港路德會社會服務處","079","為搬遷位於將軍澳的路德會青彩中心進行裝修工程","3883","3303","0","580"
"341","非經常補助金","634","香港路德會社會服務處","081","為路德會利東宿舍進行消防／屋宇安全設施改善工程","502","364","137","1"
"341","非經常補助金","634","香港路德會社會服務處","082","為1間展能中心暨嚴重弱智人士宿舍購置1輛中心巴士","1005","0","0","1005"
"341","非經常補助金","634","香港路德會社會服務處","083","為黃鎮林伉儷第二安老院更換1部車輛","964","0","0","964"
"341","非經常補助金","634","香港路德會社會服務處","084","為何文田路德會包美達社區中心進行翻新工程","9393","0","0","9393"
"341","非經常補助金","646","香港心理衞生會","031","為觀塘1間精神健康綜合社區中心進行裝修工程","3175","2939","0","236"
"341","非經常補助金","646","香港心理衞生會","032","為顯徑宿舍進行消防／屋宇安全設施改善工程","800","0","0","800"
"341","非經常補助金","646","香港心理衞生會","033","為2間展能中心暨嚴重弱智人士宿舍購置2輛中心巴士","2010","0","0","2010"
"341","非經常補助金","646","香港心理衞生會","034","為賽馬會大樓－中度弱智人士宿舍進行消防／屋宇安全設施改善工程","712","0","0","712"
"341","非經常補助金","646","香港心理衞生會","035","為賽馬會大樓中途宿舍進行消防／屋宇安全設施改善工程，以符合法例要求","670","0","0","670"
"341","非經常補助金","649","香港基督教循道衛理聯合教會","002","為位於石硤尾的1間安老院暨長者日間護理單位進行裝修工程","19536","18392","0","1144"
"341","非經常補助金","660","旺角街坊會有限公司","006","為位於大角咀的陳慶社會服務中心進行翻新工程","7508","0","0","7508"
"341","非經常補助金","672","街坊工友服務處教育中心有限公司","002","為位於青衣長安邨的1間互助幼兒中心進行裝修工程","782","735","0","47"
"341","非經常補助金","674","鄰舍輔導會","045","為位於觀塘順利邨的1間弱智人士輔助宿舍進行裝修工程","2177","1991","0","186"
"341","非經常補助金","674","鄰舍輔導會","047","為位於沙田亞公角山路的1間綜合康復服務中心進行裝修工程","33634","30517","0","3117"
"341","非經常補助金","674","鄰舍輔導會","062","為位於黃大仙的1間殘疾人士地區支援中心進行裝修工程","3565","2436","978","151"
"341","非經常補助金","674","鄰舍輔導會","066","為位於黃大仙的1間特殊幼兒中心暨早期教育及訓練中心進行裝修工程","3126","2024","0","1102"
"341","非經常補助金","674","鄰舍輔導會","069","為位於屯門的嚴重殘疾人士家居照顧服務先導計劃辦公室進行裝修工程","1356","1032","1","323"
"341","非經常補助金","674","鄰舍輔導會","070","為位於屯門的大興宿舍進行翻新工程及購置家具及設備","8641","8066","0","575"
"341","非經常補助金","674","鄰舍輔導會","071","為位於沙田的新翠育嬰園進行翻新工程","1284","1160","0","124"
"341","非經常補助金","674","鄰舍輔導會","073","為位於葵涌九華徑的1間綜合康復服務中心進行裝修工程","38666","33736","363","4567"
"341","非經常補助金","674","鄰舍輔導會","075","為屯門1間中度弱智人士宿舍進行裝修工程","20269","18326","0","1943"
"341","非經常補助金","674","鄰舍輔導會","078","為位於屯門山景邨的1間特殊幼兒中心暨早期教育及訓練中心進行裝修工程","3639","3301","0","338"
"341","非經常補助金","674","鄰舍輔導會","080","為位於黃大仙的怡晴居進行翻新工程","3713","0","90","3623"
"341","非經常補助金","674","鄰舍輔導會","081","為黃大仙下邨展能中心暨宿舍進行消防／屋宇安全設施改善工程","1829","0","0","1829"
"341","非經常補助金","674","鄰舍輔導會","082","為5間展能中心暨嚴重弱智人士宿舍及1間日間社區康復中心購置6輛中心巴士","6028","0","0","6028"
"341","非經常補助金","674","鄰舍輔導會","083","支付葵涌怡菁山莊的污水處理設施改善工程費用","4359","0","0","4359"
"341","非經常補助金","674","鄰舍輔導會","084","為怡康居進行消防／屋宇安全設施改善工程，以符合法例要求","1833","0","0","1833"
"341","非經常補助金","682","新生精神康復會","037","為1間位於沙田醫院的精神病康復者輔助宿舍進行裝修工程","14054","13231","0","823"
"341","非經常補助金","682","新生精神康復會","043","為1間位於深水埗的精神健康綜合社區中心進行裝修工程","4127","3758","0","369"
"341","非經常補助金","682","新生精神康復會","045","為1間位於屯門的精神健康綜合社區中心進行裝修工程","2687","2214","0","473"
"341","非經常補助金","682","新生精神康復會","046","為天悅宿舍進行消防／屋宇安全設施改善工程","657","348","264","45"
"341","非經常補助金","682","新生精神康復會","047","為田景宿舍進行消防／屋宇安全設施改善工程","974","0","0","974"
"341","非經常補助金","682","新生精神康復會","048","為位於長洲的安泰軒(離島)的新增單位進行裝修工程","623","557","27","39"
"341","非經常補助金","682","新生精神康復會","050","支付位於深水埗的新生會大樓擴建工程的技術可行性研究費用","3922","0","2078","1844"
"341","非經常補助金","682","新生精神康復會","052","為位於東涌的精神健康中心(安泰軒(離島))的新增部分進行裝修工程","1136","0","0","1136"
"341","非經常補助金","682","新生精神康復會","053","為石籬宿舍進行消防／屋宇安全設施改善工程，以符合牌照要求","1053","0","0","1053"
"341","非經常補助金","682","新生精神康復會","054","為竹園宿舍進行消防／屋宇安全設施改善工程，以符合牌照要求","1025","0","0","1025"
"341","非經常補助金","682","新生精神康復會","055","為位於屯門的屯門長期護理院更換地下喉管","611","0","0","611"
"341","非經常補助金","682","新生精神康復會","056","為1間精神健康綜合社區中心進行裝修工程","6399","0","0","6399"
"341","非經常補助金","682","新生精神康復會","057","為成立1間新精神健康綜合社區中心購置家具及設備","411","0","0","411"
"341","非經常補助金","682","新生精神康復會","058","為博康宿舍進行消防／屋宇安全設施改善工程，以符合牌照要求","1034","0","0","1034"
"341","非經常補助金","682","新生精神康復會","060","為山景宿舍進行消防／屋宇安全設施改善工程，以符合法例要求","1034","0","0","1034"
"341","非經常補助金","682","新生精神康復會","061","為新翠宿舍進行消防／屋宇安全設施改善工程，以符合法例要求","775","0","0","775"
"341","非經常補助金","682","新生精神康復會","062","為位於屯門的新生精神康復會頤悅軒進行翻新工程","4939","0","0","4939"
"341","非經常補助金","682","新生精神康復會","063","為利東宿舍進行消防／屋宇安全設施改善工程，以符合法例要求","1167","0","0","1167"
"341","非經常補助金","698","聖公會聖西門社會服務處","006","為位於屯門的香港聖公會聖西門良景幼兒學校進行翻新工程及購置家具及設備","1071","20","953","98"
"341","非經常補助金","728","竹園區神召會有限公司","007","為位於屯門的康樂宿舍進行翻新工程","7371","6388","63","920"
"341","非經常補助金","728","竹園區神召會有限公司","010","為位於大埔的太和康樂幼兒學校進行翻新工程","1616","1359","0","257"
"341","非經常補助金","728","竹園區神召會有限公司","011","為位於將軍澳的將軍澳康樂幼稚園進行翻新工程","737","645","0","92"
"341","非經常補助金","730","保良局","093","為青衣長發邨曹金霖夫人耆暉中心的新增部分進行裝修工程","1685","1564","0","121"
"341","非經常補助金","730","保良局","096","為位於葵涌葵涌邨的1間安老院進行裝修工程","15995","14419","0","1576"
"341","非經常補助金","730","保良局","098","為1間婦女庇護中心進行裝修工程","4921","4587","0","334"
"341","非經常補助金","730","保良局","102","為位於黃大仙竹園(南)邨的1間特殊幼兒中心暨早期教育及訓練中心進行裝修工程","4200","3731","0","469"
"341","非經常補助金","730","保良局","104","為位於葵涌葵盛圍的1間綜合康復服務中心進行裝修工程","49158","46700","0","2458"
"341","非經常補助金","730","保良局","111","為位於東涌文東路的1間安老院進行裝修工程","17046","15424","0","1622"
"341","非經常補助金","730","保良局","112","為天水圍天澤宿舍搬遷及原址擴展進行裝修工程","11087","10532","0","555"
"341","非經常補助金","730","保良局","115","為位於沙田區的1間殘疾人士地區支援中心進行裝修工程","3358","3023","0","335"
"341","非經常補助金","730","保良局","124","為位於銅鑼灣的嬰兒組進行翻新工程","2193","1121","842","230"
"341","非經常補助金","730","保良局","125","為位於大角咀櫻桃街的1間安老院暨長者日間護理單位進行裝修工程","12650","11394","0","1256"
"341","非經常補助金","730","保良局","130","為位於何文田的壬午年耆樂居進行翻新工程","2624","63","163","2398"
"341","非經常補助金","730","保良局","133","為位於西營盤的1間安老院暨日間護理單位進行裝修工程","16154","14861","0","1293"
"341","非經常補助金","730","保良局","140","為位於觀塘的1間長者日間護理中心進行裝修工程","4689","4302","0","387"
"341","非經常補助金","730","保良局","144","為位於九龍城啟晴邨的1間長者鄰舍中心進行裝修工程","4445","3768","0","677"
"341","非經常補助金","730","保良局","145","為位於深水埗的1間綜合康復服務中心進行裝修工程","23199","21113","0","2086"
"341","非經常補助金","730","保良局","146","為位於深水埗的1間綜合康復服務中心購置家具及設備","4302","1952","2233","117"
"341","非經常補助金","730","保良局","147","為位於鰂魚涌的慧妍雅集幼兒園進行翻新工程及購置家具及設備","2628","141","68","2419"
"341","非經常補助金","730","保良局","148","為位於葵涌的樂安居暨耆盛長者日間護理中心進行翻新工程","1643","0","0","1643"
"341","非經常補助金","730","保良局","150","為位於沙田的1間早期教育及訓練中心進行裝修工程","3541","3293","0","248"
"341","非經常補助金","730","保良局","151","為位於沙田的瀝源幼稚園暨幼兒園進行翻新工程及購置家具及設備","1743","0","0","1743"
"341","非經常補助金","730","保良局","157","為頤康長者日間護理中心以1輛14座位石油氣私家輕型巴士更換1輛14座位石油氣私家輕型巴士","792","0","0","792"
"341","非經常補助金","730","保良局","161","為八二總理老人日間護理中心以1輛14座位石油氣私家輕型巴士更換1輛12座位柴油私家輕型巴士","869","0","0","869"
"341","非經常補助金","730","保良局","163","為位於灣仔交加街的安老院暨長者日間護理單位購置家具及設備","3157","0","2553","604"
"341","非經常補助金","730","保良局","164","為位於灣仔交加街的安老院暨長者日間護理單位進行裝修工程","22736","7623","11850","3263"
"341","非經常補助金","730","保良局","166","為位於上環的郭羅桂珍護老院購置家具及設備","1677","176","1444","57"
"341","非經常補助金","730","保良局","168","為薄扶林展亮技能發展中心的公用地方改裝升降機門","688","0","0","688"
"341","非經常補助金","730","保良局","169","為8間展能中心暨嚴重弱智人士宿舍購置8輛中心巴士","8037","0","0","8037"
"341","非經常補助金","730","保良局","170","為成立4間位於沙田的新兒童之家進行裝修工程","9402","0","434","8968"
"341","非經常補助金","730","保良局","172","為保良局鄭翼之中心更換2部車輛","1968","0","0","1968"
"341","非經常補助金","730","保良局","173","為1間位於大埔的早期教育及訓練中心進行裝修工程","4416","0","31","4385"
"341","非經常補助金","730","保良局","174","為1間新設於大埔的早期教育及訓練中心購置家具及設備","960","0","0","960"
"341","非經常補助金","730","保良局","175","為位於葵涌的葵芳幼兒園進行翻新工程","1693","0","0","1693"
"341","非經常補助金","730","保良局","176","為位於上環的郭羅桂珍護老院進行翻新工程","1134","0","0","1134"
"341","非經常補助金","730","保良局","177","為癸未年樂頤居更換1部車輛","1012","0","0","1012"
"341","非經常補助金","730","保良局","178","為荃灣1間有80個名額的長者日間護理中心進行裝修工程","5725","0","0","5725"
"341","非經常補助金","730","保良局","179","為荃灣1間有80個名額的新長者日間護理中心購置家具及設備","5734","0","0","5734"
"341","非經常補助金","730","保良局","180","為保良局在學習訓練津貼項目下提供新訓練名額購置家具及設備","572","0","0","572"
"341","非經常補助金","730","保良局","181","為位於天水圍的保良局天恩護老院暨耆昌長者日間護理中心進行翻新工程","3789","0","0","3789"
"341","非經常補助金","730","保良局","182","為保良局周鴻標老人日間護理中心更換1部車輛","1018","0","0","1018"
"341","非經常補助金","730","保良局","183","為保良局景林宿舍進行消防／屋宇安全設施改善工程，以符合法例要求","1611","0","0","1611"
"341","非經常補助金","730","保良局","184","為保良局原馮寶添紀念宿舍進行消防／屋宇安全設施改善工程，以符合法例要求","1868","0","0","1868"
"341","非經常補助金","736","博愛醫院","033","為位於元朗的楊晉培護理安老院進行翻新工程","18156","900","13488","3768"
"341","非經常補助金","736","博愛醫院","035","為位於慈雲山的陳馮曼玲護理安老院進行翻新工程","17308","30","287","16991"
"341","非經常補助金","736","博愛醫院","037","在私人土地作福利用途特別計劃下擬於屯門興建安老院舍的顧問費用","123300","0","165","123135"
"341","非經常補助金","768","利民會","010","為1間位於柴灣的精神健康綜合社區中心進行裝修工程","2674","2517","0","157"
"341","非經常補助金","768","利民會","013","為位於柴灣的環翠之家進行翻新工程","2190","0","0","2190"
"341","非經常補助金","768","利民會","014","為1間位於黃大仙的精神健康綜合社區中心的新增部分進行裝修工程","538","449","67","22"
"341","非經常補助金","768","利民會","015","為利民會翠華之家進行消防／屋宇安全設施改善工程，以符合法例要求","4521","0","0","4521"
"341","非經常補助金","790","救世軍","094","為位於竹園南邨的竹園長者中心進行裝修工程","714","598","0","116"
"341","非經常補助金","790","救世軍","123","為位於青衣的長康社區展能暨宿舍服務進行翻新工程","8482","7644","49","789"
"341","非經常補助金","790","救世軍","130","為位於元朗的錦田長者之家進行翻新工程","1231","1022","79","130"
"341","非經常補助金","790","救世軍","131","為位於深水埗的南山長者之家進行翻新工程及購置家具及設備","17602","356","2470","14776"
"341","非經常補助金","790","救世軍","136","支付重新發展救世軍筲箕灣展能中心的技術可行性研究費用","3000","0","900","2100"
"341","非經常補助金","790","救世軍","138","為3間展能中心暨嚴重弱智人士宿舍購置3輛中心巴士","3014","0","0","3014"
"341","非經常補助金","790","救世軍","139","為救世軍德田長者之家更換1部車輛","992","0","0","992"
"341","非經常補助金","792","生命熱線有限公司","003","為搬遷位於九龍坪石邨的生命熱線總辦事處暨熱線中心進行裝修工程","1587","1358","112","117"
"341","非經常補助金","794","香港撒瑪利亞防止自殺會","002","為搬遷位於深水埗的自殺危機處理中心進行裝修工程","3395","3103","34","258"
"341","非經常補助金","810","香港童軍總會","026","為位於灣仔的港島地域總部進行重建工程","193185","0","5000","188185"
"341","非經常補助金","820","香港聖公會福利協會有限公司","101","為位於屯門良景邨的1間殘疾人士地區支援中心進行裝修工程","4823","4364","0","459"
"341","非經常補助金","820","香港聖公會福利協會有限公司","103","為位於深水埗的香港聖公會李嘉誠護理安老院及香港聖公會李嘉誠長者日間護理中心進行翻新工程","10517","8594","0","1923"
"341","非經常補助金","820","香港聖公會福利協會有限公司","107","為位於牛頭角的樂華長者日間護理中心進行翻新工程","2631","62","0","2569"
"341","非經常補助金","820","香港聖公會福利協會有限公司","110","為搬遷位於九龍的九龍城青少年綜合服務中心－賽馬會青年幹線進行裝修工程","7790","6409","477","904"
"341","非經常補助金","820","香港聖公會福利協會有限公司","111","為搬遷位於深水埗的深水埗綜合家居照顧服務隊進行裝修工程","1075","918","0","157"
"341","非經常補助金","820","香港聖公會福利協會有限公司","115","為位於深水埗的香港聖公會基愛幼兒學校進行翻新工程及購置家具及設備","648","132","0","516"
"341","非經常補助金","820","香港聖公會福利協會有限公司","116","為位於屯門的香港聖公會湖景綜合復康服務展能中心及宿舍進行翻新工程","9300","132","0","9168"
"341","非經常補助金","820","香港聖公會福利協會有限公司","118","支付聖公會護養院增建工程的技術可行性研究費用","1898","759","190","949"
"341","非經常補助金","820","香港聖公會福利協會有限公司","125","為香港聖公會李嘉誠長者日間護理中心更換2部車輛","1855","0","1822","33"
"341","非經常補助金","820","香港聖公會福利協會有限公司","127","為鶴園綜合家居照顧服務隊更換2部車輛","1855","0","0","1855"
"341","非經常補助金","820","香港聖公會福利協會有限公司","128","為位於天水圍的夏瑞芸幼兒學校進行翻新工程","1450","63","0","1387"
"341","非經常補助金","820","香港聖公會福利協會有限公司","131","為2間展能中心暨嚴重弱智人士宿舍購置3輛中心巴士","3014","0","0","3014"
"341","非經常補助金","820","香港聖公會福利協會有限公司","132","為位於黃大仙的香港聖公會護養院進行翻新工程","35831","30","0","35801"
"341","非經常補助金","820","香港聖公會福利協會有限公司","133","為香港聖公會保羅長者之家購置1部車輛","983","0","0","983"
"341","非經常補助金","820","香港聖公會福利協會有限公司","134","為香港聖公會聖路加福群會綜合家居照顧服務隊購置1部車輛","998","0","0","998"
"341","非經常補助金","820","香港聖公會福利協會有限公司","135","為位於牛頭角的香港聖公會牧愛長者之家進行翻新工程","21212","0","28","21184"
"341","非經常補助金","820","香港聖公會福利協會有限公司","136","為香港聖公會中西區長者日間護理中心更換1部車輛","1028","0","0","1028"
"341","非經常補助金","820","香港聖公會福利協會有限公司","137","為位於葵涌的香港聖公會林護長者之家及安蔭長者日間護理中心進行翻新工程","23427","0","28","23399"
"341","非經常補助金","820","香港聖公會福利協會有限公司","138","為搬遷位於東涌的東涌綜合服務進行裝修工程","12843","0","0","12843"
"341","非經常補助金","820","香港聖公會福利協會有限公司","139","為馬鞍山青少年深宵外展服務更換1部車輛","441","0","0","441"
"341","非經常補助金","837","社會福利署","212","推行私營殘疾人士院舍經濟資助計劃","39000","149","1045","37806"
"341","非經常補助金","837","社會福利署","237","推行第一階段長者社區照顧服務券試驗計劃的服務券價值津助額","278000","166663","9079","102258"
"341","非經常補助金","837","社會福利署","238","長者社區照顧服務券試驗計劃下合資格認可服務提供者用作購買車輛、家具及設備的種子基金","102000","56554","10002","35444"
"341","非經常補助金","837","社會福利署","242","在屯門興建1間有60個名額的長者日間護理中心","16550","0","0","16550"
"341","非經常補助金","837","社會福利署","248","在元朗朗平興建1間新合約安老院暨日間護理中心及1間新長者日間護理中心","72720","0","0","72720"
"341","非經常補助金","837","社會福利署","258","在屯門廣財街市舊址興建1間新合約安老院舍及1間新長者日間護理中心","69920","0","0","69920"
"341","非經常補助金","837","社會福利署","287","支付中華基督教會基正小學舊址改建為獨立福利綜合大樓所需的可行性及相關研究費用","730","274","300","156"
"341","非經常補助金","837","社會福利署","292","支付小欖醫院舊址重新發展為綜合康復服務大樓所需的設計、建築及裝修工程費用","1853600","7613","60000","1785987"
"341","非經常補助金","837","社會福利署","293","支付啟能庇護工場及宿舍舊址重新發展為綜合康復服務大樓所需的設計、建築及裝修工程費用","502000","5906","34000","462094"
"341","非經常補助金","837","社會福利署","296","推行1項為期2年的到校學前康復服務試驗計劃及進行評估研究","422000","253858","124840","43302"
"341","非經常補助金","837","社會福利署","299","推行1項為期2年的為祖父母而設的幼兒照顧訓練課程試驗計劃","3330","2520","643","167"
"341","非經常補助金","837","社會福利署","301","推行1項為期2年的子女探視服務先導計劃","7581","2401","2153","3027"
"341","非經常補助金","837","社會福利署","303","在社區精神康復服務單位推行1項為期2年的朋輩支援服務先導計劃","10647","2758","2979","4910"
"341","非經常補助金","837","社會福利署","304","推行1項為期30個月的加強支援自閉症人士及其家長／照顧者的先導計劃及進行評估研究","27326","10033","6082","11211"
"341","非經常補助金","837","社會福利署","305","有關推行長者社區照顧服務券試驗計劃(第二階段)的宣傳及推廣工作","500","198","167","135"
"341","非經常補助金","837","社會福利署","306","向合資格認可服務提供者發放推行長者社區照顧服務券試驗計劃(第二階段)的服務券價值津助額","921315","0","100000","821315"
"341","非經常補助金","837","社會福利署","307","長者社區照顧服務券試驗計劃(第二階段)下合資格認可服務提供者用作購買車輛、家具及設備的種子基金","80000","393","12382","67225"
"341","非經常補助金","837","社會福利署","308","推出第三階段社會福利發展基金","460152","37363","151796","270993"
"341","非經常補助金","837","社會福利署","311","向1間顧問機構發放款項以推行為期15個月的為殘疾人士院舍經營者而設的計劃","1123","222","334","567"
"341","非經常補助金","837","社會福利署","312","支付重建黃竹坑服務綜合大樓的技術可行性研究費用","9060","0","2118","6942"
"341","非經常補助金","837","社會福利署","328","為沙田水泉澳邨1間中度弱智人士宿舍、肢體嚴重傷殘人士宿舍及綜合職業康復服務中心進行裝修工程","28279","0","0","28279"
"341","非經常補助金","837","社會福利署","329","為沙田1間展能中心暨嚴重弱智人士宿舍進行裝修工程","13798","0","0","13798"
"341","非經常補助金","837","社會福利署","332","為觀塘1間特殊幼兒中心暨早期教育及訓練中心進行裝修工程","8743","0","0","8743"
"341","非經常補助金","837","社會福利署","334","為觀塘1間特殊幼兒中心暨早期教育及訓練中心進行裝修工程","9646","0","0","9646"
"341","非經常補助金","837","社會福利署","337","為觀塘1間嚴重殘疾人士護理院進行裝修工程","14408","0","0","14408"
"341","非經常補助金","837","社會福利署","339","為觀塘1間展能中心暨嚴重弱智人士宿舍進行裝修工程","17925","0","0","17925"
"341","非經常補助金","837","社會福利署","340","推行為期18個月的殘疾人士院舍質素提升計劃","1404","0","0","1404"
"341","非經常補助金","837","社會福利署","345","為深水埗1間有100個名額的安老院進行裝修工程","26385","0","0","26385"
"341","非經常補助金","837","社會福利署","346","為觀塘1間中度弱智人士宿舍、肢體嚴重傷殘人士宿舍及綜合職業康復服務中心進行裝修工程","31600","0","0","31600"
"341","非經常補助金","837","社會福利署","347","為觀塘1間受資助獨立幼兒中心進行裝修工程","6692","0","0","6692"
"341","非經常補助金","837","社會福利署","348","為觀塘1間受資助獨立幼兒中心購置家具及設備","1400","0","0","1400"
"341","非經常補助金","837","社會福利署","349","為北區1間受資助獨立幼兒中心進行裝修工程","4900","0","0","4900"
"341","非經常補助金","837","社會福利署","350","為北區1間受資助獨立幼兒中心購置家具及設備","1155","0","0","1155"
"341","非經常補助金","837","社會福利署","353","為觀塘1間新安老院舍暨長者日間護理單位購置家具及設備","4815","0","0","4815"
"341","非經常補助金","837","社會福利署","357","為觀塘1間有100個名額的安老院舍暨1間有20個名額的長者日間護理單位進行裝修工程","27107","0","0","27107"
"341","非經常補助金","837","社會福利署","360","推行為期18個月的外傭護老培訓試驗計劃","1777","0","710","1067"
"341","非經常補助金","839","香港戒毒會","005","為位於石鼓洲的石鼓洲康復院進行水塘改善工程","30505","25590","0","4915"
"341","非經常補助金","840","香港扶幼會","014","為位於深水埗的則仁中心進行翻新工程","12578","0","177","12401"
"341","非經常補助金","844","扶康會","068","為位於香港仔漁光道的扶康會康復中心進行翻新工程","13859","11963","0","1896"
"341","非經常補助金","844","扶康會","073","為位於深水埗的澤安成人訓練中心進行翻新工程","4090","3551","0","539"
"341","非經常補助金","844","扶康會","077","為位於牛頭角的樂華成人訓練中心進行翻新工程","4164","78","2902","1184"
"341","非經常補助金","844","扶康會","088","為7間展能中心暨嚴重弱智人士宿舍購置7輛中心巴士","7033","0","0","7033"
"341","非經常補助金","844","扶康會","089","為天耀之家進行消防／屋宇安全設施改善工程，以符合牌照要求","617","0","6","611"
"341","非經常補助金","844","扶康會","090","為葵興職業發展中心更換1部車輛","813","0","0","813"
"341","非經常補助金","844","扶康會","091","為婉明軒進行消防╱屋宇安全設施改善工程，以符合牌照要求","558","0","0","558"
"341","非經常補助金","844","扶康會","092","為良景成人訓練中心的殘疾人士院舍進行消防╱屋宇安全設施改善工程","1671","0","30","1641"
"341","非經常補助金","844","扶康會","093","為友愛之家進行消防╱屋宇安全設施改善工程，以符合法例要求","719","0","0","719"
"341","非經常補助金","844","扶康會","094","為麗瑤之家更換1部車輛","1018","0","0","1018"
"341","非經常補助金","844","扶康會","096","為長康之家進行消防╱屋宇安全設施改善工程，以符合法例要求","937","0","0","937"
"341","非經常補助金","848","香港耀能協會","074","為位於香港仔的鴨脷洲幼兒中心進行翻新工程","1036","890","0","146"
"341","非經常補助金","848","香港耀能協會","089","為位於荃灣的象山幼兒中心原址擴展進行裝修工程","2711","1902","349","460"
"341","非經常補助金","848","香港耀能協會","090","為位於粉嶺的嚴重殘疾人士家居照顧服務隊辦公室進行裝修工程","1881","1561","145","175"
"341","非經常補助金","848","香港耀能協會","094","為橫頭磡幼兒中心更換1部車輛","622","0","0","622"
"341","非經常補助金","848","香港耀能協會","095","為賽馬會田綺玲學校以1輛新30座位柴油公共巴士更換1輛30座位柴油公共巴士","2236","0","0","2236"
"341","非經常補助金","848","香港耀能協會","096","為白普理黃大仙宿舍進行消防／屋宇安全設施改善工程，以符合牌照要求","1286","0","0","1286"
"341","非經常補助金","848","香港耀能協會","097","為賽馬會白普理華心護康中心更換1部車輛","1052","0","0","1052"
"341","非經常補助金","848","香港耀能協會","098","為賽馬會田綺玲學校更換1部車輛","2236","0","0","2236"
"341","非經常補助金","848","香港耀能協會","099","為柴灣宿舍進行消防／屋宇安全設施改善工程，以符合牌照要求","997","0","0","997"
"341","非經常補助金","848","香港耀能協會","100","為天耀宿舍進行消防／屋宇安全設施改善工程，以符合牌照要求","1042","0","0","1042"
"341","非經常補助金","848","香港耀能協會","101","為隆亨幼兒中心更換1部車輛","724","0","0","724"
"341","非經常補助金","848","香港耀能協會","102","為2間展能中心暨嚴重弱智人士宿舍及1間日間社區康復中心購置3輛中心巴士","3014","0","0","3014"
"341","非經常補助金","848","香港耀能協會","103","為黃大仙1支家長／親屬資源中心專業支援隊進行裝修工程","1905","0","0","1905"
"341","非經常補助金","848","香港耀能協會","104","為黃大仙1支新設的家長／親屬資源中心專業支援隊購置家具及設備","922","0","0","922"
"341","非經常補助金","848","香港耀能協會","105","為賽馬會新頁居進行消防／屋宇安全設施改善工程，以符合牌照要求","901","0","0","901"
"341","非經常補助金","848","香港耀能協會","108","為位於粉嶺的賽馬會白普理華心護康中心進行翻新工程","7544","0","0","7544"
"341","非經常補助金","848","香港耀能協會","109","為香港耀能協會在學習訓練津貼項目下提供新訓練名額購置家具及設備","663","0","0","663"
"341","非經常補助金","848","香港耀能協會","110","為香港耀能協會良景宿舍進行消防／屋宇安全設施改善工程，以符合法例要求","3852","0","0","3852"
"341","非經常補助金","860","聖雅各福群會","037","為聖雅各懷愛長者鄰舍中心遷往荃灣福來邨進行裝修工程","2808","2575","0","233"
"341","非經常補助金","860","聖雅各福群會","040","為聖雅各福群會灣仔綜合家庭服務中心進行裝修工程","4213","3918","0","295"
"341","非經常補助金","860","聖雅各福群會","042","為位於灣仔的1間殘疾人士地區支援中心進行裝修工程","3150","2826","0","324"
"341","非經常補助金","860","聖雅各福群會","044","為位於灣仔的李節街單身人士宿舍進行翻新工程","2311","2059","0","252"
"341","非經常補助金","860","聖雅各福群會","046","為位於筲箕灣的雅明灣畔護養院進行翻新工程及購置家具及設備","8108","6505","0","1603"
"341","非經常補助金","860","聖雅各福群會","047","為就業服務計劃以1輛5座位柴油輕型貨車更換1輛7座位柴油私家車","463","0","310","153"
"341","非經常補助金","860","聖雅各福群會","049","為香港(二)區的改善家居及社區照顧服務隊購置1輛經改裝的16座位石油氣私家輕型巴士及設備","1180","0","1002","178"
"341","非經常補助金","860","聖雅各福群會","050","為灣仔長者日間護理中心擴展進行裝修工程","3114","2912","0","202"
"341","非經常補助金","860","聖雅各福群會","051","為灣仔長者日間護理中心擴展購置家具及設備","3296","0","2406","890"
"341","非經常補助金","860","聖雅各福群會","053","為柏悅長者日間護理中心更換2部車輛","1697","0","0","1697"
"341","非經常補助金","860","聖雅各福群會","054","為跑馬地綜合服務隊更換2部車輛","1697","0","0","1697"
"341","非經常補助金","860","聖雅各福群會","055","為灣仔綜合服務隊更換1部車輛","849","0","0","849"
"341","非經常補助金","860","聖雅各福群會","056","為2間展能中心暨嚴重弱智人士宿舍購置2輛中心巴士","2010","0","0","2010"
"341","非經常補助金","860","聖雅各福群會","057","為聖雅各福群會銅鑼灣綜合家居照顧服務隊更換1部車輛","951","0","0","951"
"341","非經常補助金","860","聖雅各福群會","058","為李節街宿舍原址擴展進行裝修工程","3626","0","0","3626"
"341","非經常補助金","860","聖雅各福群會","059","為雅逸居及雅逸綜合服務隊的殘疾人士院舍進行消防／屋宇安全設施改善工程","1286","0","0","1286"
"341","非經常補助金","860","聖雅各福群會","060","為灣仔1間智障長者自負盈虧宿舍進行裝修工程","5659","0","0","5659"
"341","非經常補助金","860","聖雅各福群會","061","為灣仔1間新智障長者自負盈虧宿舍購置家具及設備","867","0","0","867"
"341","非經常補助金","860","聖雅各福群會","062","為薄扶林1間展能中心暨嚴重弱智人士宿舍進行裝修工程","13737","0","0","13737"
"341","非經常補助金","860","聖雅各福群會","063","為薄扶林1間新展能中心暨嚴重弱智人士宿舍購置家具及設備","1806","0","0","1806"
"341","非經常補助金","860","聖雅各福群會","064","為薄扶林1間新展能中心暨嚴重弱智人士宿舍進行改善工程及升降機門改裝工程","2885","0","0","2885"
"341","非經常補助金","860","聖雅各福群會","065","支付聖雅各福群會雅逸居及雅逸綜合服務隊的冷氣工程費用","1014","0","0","1014"
"341","非經常補助金","860","聖雅各福群會","066","為聖雅各福群會賽馬會力行工場及伍威權彩虹工作室更換1部車輛","445","0","0","445"
"341","非經常補助金","860","聖雅各福群會","067","為位於薄扶林的聖雅各福群會展能中心暨嚴重弱智人士宿舍購置1部車輛","970","0","0","970"
"341","非經常補助金","872","香港神託會","003","為耀安宿舍進行消防／屋宇安全設施改善工程","1342","0","0","1342"
"341","非經常補助金","872","香港神託會","004","為位於將軍澳的1間精神健康綜合社區中心進行裝修工程","2540","1979","0","561"
"341","非經常補助金","872","香港神託會","005","為創薈坊購置家具及設備","986","0","0","986"
"341","非經常補助金","872","香港神託會","006","為耀安綜合職業復康服務中心進行裝修工程","2723","0","0","2723"
"341","非經常補助金","872","香港神託會","007","在私人土地作福利用途特別計劃下觀塘神託會大樓重建項目的技術可行性研究","2132","0","0","2132"
"341","非經常補助金","872","香港神託會","008","為創薈坊進行裝修工程","5287","0","0","5287"
"341","非經常補助金","890","基督教香港崇真會社會服務部","016","為位於九龍灣的總辦事處進行翻新工程","1774","16","0","1758"
"341","非經常補助金","890","基督教香港崇真會社會服務部","017","為廣福頤養院更換1部車輛","1028","0","0","1028"
"341","非經常補助金","893","東林念佛堂有限公司","010","為位於荃灣的佛教東林安老院進行排污設備改善工程","2698","1348","0","1350"
"341","非經常補助金","893","東林念佛堂有限公司","011","為位於荃灣的佛教東林安老院進行翻新工程及購置家具及設備","10826","7673","552","2601"
"341","非經常補助金","894","通善壇安老院","048","為通善壇安老院進行翻新工程及購置家具及設備","5411","4539","0","872"
"341","非經常補助金","896","東華三院","054","興建伍蔣蕙芳護理安老院及購置家具及設備","57284","49139","0","8145"
"341","非經常補助金","896","東華三院","166","為位於柴灣的馬李示聘安老院安裝冷氣系統","1041","971","0","70"
"341","非經常補助金","896","東華三院","170","為位於香港仔的賽馬會復康中心進行翻新工程及購置家具及設備","42342","33487","0","8855"
"341","非經常補助金","896","東華三院","174","為位於鑽石山的何東安老院進行翻新工程及購置家具及設備","5098","30","49","5019"
"341","非經常補助金","896","東華三院","175","為位於沙田的莫黃鳳儀安老院進行翻新工程及購置家具及設備","7034","5577","0","1457"
"341","非經常補助金","896","東華三院","177","為位於香港仔的戴麟趾安老院進行重建工程","298590","187086","22118","89386"
"341","非經常補助金","896","東華三院","178","為位於大埔的許麗娟安老院進行翻新工程及購置家具及設備","7221","6298","0","923"
"341","非經常補助金","896","東華三院","179","為位於大埔的伍若瑜護理安老院進行翻新工程及購置家具及設備","17346","30","14731","2585"
"341","非經常補助金","896","東華三院","180","為位於粉嶺的方王換娣安老院進行翻新工程及購置家具及設備","11351","8469","0","2882"
"341","非經常補助金","896","東華三院","188","為位於大埔的包兆龍護理安老院更換載客升降機","2227","2003","0","224"
"341","非經常補助金","896","東華三院","189","為位於深水埗澤安邨的1間有70個名額的長者日間護理中心進行裝修工程","5422","4828","0","594"
"341","非經常補助金","896","東華三院","194","為位於大角咀柳樹街的1間安老院購置家具及設備","2313","1238","0","1075"
"341","非經常補助金","896","東華三院","195","為位於大埔的船灣安老綜合中心進行樹木移除及維修工程","644","318","50","276"
"341","非經常補助金","896","東華三院","197","為位於天水圍的天晴特殊幼兒中心暨早期教育及訓練中心進行裝修工程","2772","2560","211","1"
"341","非經常補助金","896","東華三院","200","為位於沙田的羅文壎安老院進行翻新工程及購置家具及設備","10782","133","8423","2226"
"341","非經常補助金","896","東華三院","201","為位於深水埗的馬鄭淑英安老院進行翻新工程及購置家具及設備","8328","30","3194","5104"
"341","非經常補助金","896","東華三院","202","為位於沙田的馬興秋安老院進行翻新工程及購置家具及設備","7283","312","4722","2249"
"341","非經常補助金","896","東華三院","205","為黃祖棠綜合職業復康中心暨宿舍進行消防／屋宇安全設施改善工程","999","0","0","999"
"341","非經常補助金","896","東華三院","219","為沙田1間長者日間護理中心進行裝修工程","4298","3897","0","401"
"341","非經常補助金","896","東華三院","222","為天水圍1間展能中心暨嚴重弱智人士宿舍進行裝修工程","13993","12498","0","1495"
"341","非經常補助金","896","東華三院","226","為越峰成長中心中西南及離島服務處的新增部分進行裝修工程","1087","1023","0","64"
"341","非經常補助金","896","東華三院","227","為位於大圍的1間新安老院暨長者日間護理單位購置家具及設備","3847","0","0","3847"
"341","非經常補助金","896","東華三院","228","為大圍1間新安老院暨長者日間護理單位進行裝修工程","20464","17105","0","3359"
"341","非經常補助金","896","東華三院","229","為位於西營盤的1間殘疾人士地區支援中心進行裝修工程","3419","3197","0","222"
"341","非經常補助金","896","東華三院","233","為楊成紀念長期護理院進行消防／屋宇安全設施改善工程","1690","0","30","1660"
"341","非經常補助金","896","東華三院","235","為位於深水埗長沙灣邨的1間新安老院購置家具及設備","3938","0","0","3938"
"341","非經常補助金","896","東華三院","236","為位於深水埗長沙灣邨的1間安老院進行裝修工程","27424","24117","0","3307"
"341","非經常補助金","896","東華三院","237","為位於大埔的船灣綜合中心進行內部通道維修工程","3324","0","0","3324"
"341","非經常補助金","896","東華三院","238","為位於香港仔的蕭旺李滿福幼兒園進行窗戶修葺工程","603","0","0","603"
"341","非經常補助金","896","東華三院","248","為7間日間訓練康復中心購置家具及設備以推行新職業康復延展計劃及延展照顧計劃","1078","0","1056","22"
"341","非經常補助金","896","東華三院","249","為位於筲箕灣的嚴重殘疾人士家居照顧服務隊辦公室進行裝修工程","3663","0","0","3663"
"341","非經常補助金","896","東華三院","251","為位於屯門的戴東培日間活動中心暨宿舍進行消防／屋宇安全設施改善工程，以符合牌照要求","872","0","0","872"
"341","非經常補助金","896","東華三院","252","為位於筲箕灣的香港西區婦女福利會護養安老院進行翻新工程及購置家具及設備","2165","0","1973","192"
"341","非經常補助金","896","東華三院","255","為搬遷位於火炭的賽馬會沙田綜合社會服務處主辦事處進行裝修工程","5226","0","0","5226"
"341","非經常補助金","896","東華三院","257","為賽馬會頤康護理安老院進行消防／屋宇安全設施改善工程，以符合牌照要求","1112","0","10","1102"
"341","非經常補助金","896","東華三院","258","為賽馬會頤景護理安老院進行消防／屋宇安全設施改善工程，以符合牌照要求","1091","0","10","1081"
"341","非經常補助金","896","東華三院","259","為賽馬會頤樂護理安老院進行消防／屋宇安全設施改善工程，以符合牌照要求","1126","0","10","1116"
"341","非經常補助金","896","東華三院","260","為賽馬會頤安護理安老院進行消防／屋宇安全設施改善工程，以符合牌照要求","1054","0","9","1045"
"341","非經常補助金","896","東華三院","261","為賽馬會頤泰護理安老院進行消防／屋宇安全設施改善工程，以符合牌照要求","1113","0","10","1103"
"341","非經常補助金","896","東華三院","262","為賽馬會頤養護理安老院進行消防／屋宇安全設施改善工程，以符合牌照要求","1112","0","10","1102"
"341","非經常補助金","896","東華三院","263","為成立1間位於觀塘的新長者鄰舍中心進行裝修工程及購置家具及設備","4787","0","555","4232"
"341","非經常補助金","896","東華三院","264","為方樹泉日間活動中心暨宿舍進行消防／屋宇安全設施改善工程","813","0","0","813"
"341","非經常補助金","896","東華三院","265","為賽馬會健輝之家進行消防／屋宇安全設施改善工程","916","0","8","908"
"341","非經常補助金","896","東華三院","266","為賽馬會健逸之家進行消防／屋宇安全設施改善工程","936","0","8","928"
"341","非經常補助金","896","東華三院","267","為賽馬會健怡之家進行消防／屋宇安全設施改善工程","805","0","7","798"
"341","非經常補助金","896","東華三院","268","為賽馬會藝精藝博宿舍進行消防／屋宇安全設施改善工程","718","0","6","712"
"341","非經常補助金","896","東華三院","269","為沙田1間有30個名額的弱智╱肢體傷殘人士輔助宿舍進行裝修工程","5861","0","0","5861"
"341","非經常補助金","896","東華三院","270","為沙田1間有30個名額的新弱智╱肢體傷殘人士輔助宿舍購置家具及設備","816","0","0","816"
"341","非經常補助金","896","東華三院","271","為東華三院黃祖棠護理安老院更換1部車輛","1092","0","0","1092"
"341","非經常補助金","896","東華三院","272","為賽馬會展恆日間活動中心暨宿舍進行消防／屋宇安全設施改善工程，以符合牌照要求","1053","0","9","1044"
"341","非經常補助金","896","東華三院","273","為賽馬會展勤日間活動中心暨宿舍進行消防／屋宇安全設施改善工程，以符合牌照要求","1044","0","9","1035"
"341","非經常補助金","896","東華三院","274","為賽馬會展毅日間活動中心暨宿舍進行消防／屋宇安全設施改善工程，以符合牌照要求","1046","0","9","1037"
"341","非經常補助金","896","東華三院","276","為黃祖棠綜合職業復康中心暨宿舍更換1部車輛","1075","0","0","1075"
"341","非經常補助金","896","東華三院","277","為黃祖棠長者日間護理中心更換1部車輛","1075","0","0","1075"
"341","非經常補助金","896","東華三院","278","為洪水橋洪福邨1間有50個名額的中度弱智人士宿舍及1間有160個名額的綜合職業康復服務中心進行裝修工程","20657","0","0","20657"
"341","非經常補助金","896","東華三院","279","為洪水橋1間新中度弱智人士宿舍及1間綜合職業康復服務中心購置家具及設備","2332","0","0","2332"
"341","非經常補助金","896","東華三院","280","支付大埔船灣安老綜合中心的斜坡維修及保養工程費用","401","0","0","401"
"341","非經常補助金","896","東華三院","281","為位於大埔的船灣安老綜合中心進行樹木移除及維修工程","1074","0","0","1074"
"341","非經常補助金","896","東華三院","282","為賽馬會頤養護理安老院更換1部車輛","1032","0","0","1032"
"341","非經常補助金","896","東華三院","283","為洪水橋1間綜合職業康復服務中心購置1部車輛","543","0","0","543"
"341","非經常補助金","910","香港穆斯林聯會","001","為位於屯門友愛邨的哈智林世德護老院進行翻新工程及購置家具及設備","1039","0","0","1039"
"341","非經常補助金","913","維盈投資有限公司","002","為位於深水埗保安道／懷惠道的1間新安老院購置家具及設備","3719","2027","392","1300"
"341","非經常補助金","913","維盈投資有限公司","003","為位於深水埗保安道／懷惠道的1間安老院進行裝修工程","30403","27027","394","2982"
"341","非經常補助金","927","婦女服務聯會","001","為新界葵涌邨1間互助幼兒中心進行裝修工程","1050","899","0","151"
"341","非經常補助金","928","香港東區婦女福利會","008","為位於筲箕灣的伍少梅安老護理院進行翻新工程及購置家具及設備，把安老院宿位改為長期護理宿位","18539","0","0","18539"
"341","非經常補助金","945","綜合青少年服務中心現代化計劃","043","為香港小童群益會大圍青少年綜合服務中心進行翻新工程及購置家具及設備","2420","2092","0","328"
"341","非經常補助金","945","綜合青少年服務中心現代化計劃","070","為香港小童群益會馬鞍山青少年綜合服務中心進行翻新工程及購置家具及設備","2420","2271","0","149"
"341","非經常補助金","947","青少年服務單位和社區中心現代化工程","005","為浸信會愛羣社會服務處灣仔綜合青少年服務中心進行翻新工程及購置家具及設備","4600","4216","0","384"
"341","非經常補助金","947","青少年服務單位和社區中心現代化工程","021","為救世軍油麻地青少年綜合服務進行翻新工程及購置家具及設備","4600","4245","1","354"
"341","非經常補助金","947","青少年服務單位和社區中心現代化工程","022","為救世軍屯門青少年綜合服務進行翻新工程及購置家具及設備","4600","4235","0","365"
"341","非經常補助金","947","青少年服務單位和社區中心現代化工程","023","為救世軍大埔青少年綜合服務進行翻新工程及購置家具及設備","4160","3853","0","307"
"341","非經常補助金","947","青少年服務單位和社區中心現代化工程","024","為連青網絡－香港神託會青少年綜合服務中心進行翻新工程及購置家具及設備","4600","4209","0","391"
"341","非經常補助金","947","青少年服務單位和社區中心現代化工程","026","為循道衛理楊震社會服務處沙田青少年綜合發展中心進行翻新工程及購置家具及設備","4600","3422","0","1178"
"341","非經常補助金","947","青少年服務單位和社區中心現代化工程","028","為香港小童群益會康山兒童中心進行翻新工程及購置家具及設備","1890","1702","0","188"
"341","非經常補助金","947","青少年服務單位和社區中心現代化工程","030","為香港青年協會獅子會大埔青年空間進行翻新工程及購置家具及設備","1890","1759","0","131"
"341","非經常補助金","947","青少年服務單位和社區中心現代化工程","033","為香港小童群益會筲箕灣兒童中心進行翻新工程及購置家具及設備","2790","2422","188","180"
"341","非經常補助金","947","青少年服務單位和社區中心現代化工程","036","為香港佛教聯合會青少年中心進行翻新工程及購置家具及設備","3250","2915","0","335"
"341","非經常補助金","947","青少年服務單位和社區中心現代化工程","038","為香港青年協會黃寬洋青年空間進行翻新工程及購置家具及設備","3250","243","0","3007"
"341","非經常補助金","947","青少年服務單位和社區中心現代化工程","041","為香港青年協會杏花邨青年空間進行翻新工程及購置家具及設備","4140","3867","0","273"
"341","非經常補助金","947","青少年服務單位和社區中心現代化工程","046","為隆亨青少年中心進行翻新工程及購置家具及設備","4140","3688","0","452"
"341","非經常補助金","947","青少年服務單位和社區中心現代化工程","047","為救世軍大窩口青少年中心進行翻新工程及購置家具及設備","4140","3735","0","405"
"341","非經常補助金","947","青少年服務單位和社區中心現代化工程","050","為香港基督教女青年會中西區及離島外展社會工作隊進行翻新工程及購置家具及設備","1410","1041","0","369"
"341","非經常補助金","947","青少年服務單位和社區中心現代化工程","052","為香港青年協會黃大仙／西貢地區青少年外展社會工作隊進行翻新工程及購置家具及設備","1410","137","0","1273"
"341","非經常補助金","947","青少年服務單位和社區中心現代化工程","056","為香港青年協會荃灣及葵涌地區青少年外展社會工作隊進行翻新工程及購置家具及設備","1410","1122","144","144"
"341","非經常補助金","947","青少年服務單位和社區中心現代化工程","066","為明愛堅道社區中心進行翻新工程及購置家具及設備","11816","10024","0","1792"
"341","非經常補助金","947","青少年服務單位和社區中心現代化工程","068","為明愛牛頭角社區中心進行翻新工程及購置家具及設備","9200","8418","0","782"
"341","非經常補助金","947","青少年服務單位和社區中心現代化工程","071","為聖雅各福群會灣仔社區中心進行翻新工程及購置家具及設備","11816","10025","0","1791"
"341","非經常補助金","948","長者中心設施改善計劃","001","為香港基督教服務處雲漢長者地區中心進行改善工程","5007","4024","0","983"
"341","非經常補助金","948","長者中心設施改善計劃","002","為鄰舍輔導會深水埗康齡社區服務中心暨綜合家居照顧服務隊進行改善工程","5795","5219","0","576"
"341","非經常補助金","948","長者中心設施改善計劃","005","為香港聖公會竹園馬田法政牧師長者綜合服務中心進行改善工程","4636","4100","0","536"
"341","非經常補助金","948","長者中心設施改善計劃","006","為旺角街坊會陳慶社會服務中心進行改善工程","4636","2589","1910","137"
"341","非經常補助金","948","長者中心設施改善計劃","008","為圓玄學院粉嶺社會服務中心進行翻新工程及購置家具及設備","1796","1661","0","135"
"341","非經常補助金","948","長者中心設施改善計劃","013","為搬遷明愛沙田長者中心進行裝修工程","3519","3310","0","209"
"341","非經常補助金","948","長者中心設施改善計劃","014","為明愛觀塘長者中心進行改善工程","3519","3254","0","265"
"341","非經常補助金","948","長者中心設施改善計劃","015","為仁濟醫院曾榮夫人長者鄰舍中心進行改善工程","3519","1004","63","2452"
"341","非經常補助金","948","長者中心設施改善計劃","017","為浸信會愛羣社會服務處麗瑤長者鄰舍中心進行改善工程及購置家具及設備","3619","0","3091","528"
"341","非經常補助金","948","長者中心設施改善計劃","018","為保良局莊啟程耆暉中心進行改善工程","2464","2224","0","240"
"341","非經常補助金","948","長者中心設施改善計劃","020","為香港互勵會曹舒菊英老人中心進行改善工程","2465","1621","0","844"
"341","非經常補助金","948","長者中心設施改善計劃","022","為鐘聲慈善社顏劉崑珠老人中心進行改善工程","1972","0","0","1972"
"341","非經常補助金","948","長者中心設施改善計劃","023","為香港耆康老人福利會懷熙葵涌長者地區中心進行改善工程","6954","6330","0","624"
"341","非經常補助金","948","長者中心設施改善計劃","024","為耆康會香港西北區扶輪社長者鄰舍中心進行改善工程","2464","2271","0","193"
"341","非經常補助金","948","長者中心設施改善計劃","025","為耆康會葵興長者鄰舍中心進行改善工程","2464","2216","0","248"
"341","非經常補助金","948","長者中心設施改善計劃","027","為香港互勵會鄭裕彤敬老中心進行改善工程","2219","1899","0","320"
"341","非經常補助金","948","長者中心設施改善計劃","028","為保良局張麥珍耆樂中心進行改善工程","2465","2254","0","211"
"341","非經常補助金","948","長者中心設施改善計劃","030","為香港聖公會聖匠堂長者地區中心進行改善工程","5795","4796","0","999"
"341","非經常補助金","948","長者中心設施改善計劃","031","為香港聖公會西環長者綜合服務中心進行改善工程","5795","5213","0","582"
"341","非經常補助金","948","長者中心設施改善計劃","032","為基督教香港信義會社會服務部總處沙田多元化老人社區服務中心進行改善工程","5795","5397","0","398"
"341","非經常補助金","948","長者中心設施改善計劃","034","為聖雅各福群會中西區長者地區中心進行改善工程","5216","4649","0","567"
"341","非經常補助金","948","長者中心設施改善計劃","035","為聖雅各福群會浣紗長者中心進行改善工程","2465","2246","0","219"
"341","非經常補助金","948","長者中心設施改善計劃","038","為鍾錫熙長洲安老院有限公司溫浩根長者鄰舍中心進行改善工程","2464","2051","406","7"
"341","非經常補助金","948","長者中心設施改善計劃","041","為東華三院方潤華長者鄰舍中心進行改善工程","3519","3107","0","412"
"341","非經常補助金","948","長者中心設施改善計劃","047","為博愛醫院王木豐紀念長者健康支援及進修中心進行改善工程","1479","967","1","511"
"341","非經常補助金","948","長者中心設施改善計劃","048","為香港基督教女青年會秀群松柏社區服務中心進行改善工程","6375","5770","0","605"
"341","非經常補助金","948","長者中心設施改善計劃","049","為香港仔街坊福利會社會服務中心賽馬會黃志強長者地區中心進行改善工程","5216","0","0","5216"
"341","非經常補助金","948","長者中心設施改善計劃","050","為基督教家庭服務中心順安長者地區中心進行改善工程","5216","4375","260","581"
"341","非經常補助金","948","長者中心設施改善計劃","051","為仁愛堂胡忠長者地區中心進行改善工程","5007","3805","0","1202"
"341","非經常補助金","948","長者中心設施改善計劃","052","為嗇色園可聚耆英地區中心進行改善工程","4507","3979","0","528"
"341","非經常補助金","948","長者中心設施改善計劃","053","為嗇色園可榮耆英鄰舍中心進行改善工程","2464","2207","0","257"
"341","非經常補助金","948","長者中心設施改善計劃","054","為明愛東頭長者中心進行改善工程","3519","2275","0","1244"
"341","非經常補助金","948","長者中心設施改善計劃","055","為香港耆康老人福利會啟業長者鄰舍中心進行改善工程","3519","3075","0","444"
"341","非經常補助金","948","長者中心設施改善計劃","056","為基督復臨安息日會港澳區會小西灣長者鄰舍中心進行改善工程","2464","1818","0","646"
"341","非經常補助金","948","長者中心設施改善計劃","057","為香海正覺蓮社佛教何黃昌寶長者鄰舍中心進行改善工程","2464","2189","0","275"
"341","非經常補助金","948","長者中心設施改善計劃","058","為萬國宣道浸信會有限公司寶林浸信會白普理長者鄰舍中心進行改善工程及購置家具及設備","2566","2401","0","165"
"341","非經常補助金","948","長者中心設施改善計劃","060","為基督教香港崇真會福禧長者中心進行改善工程","2465","2252","0","213"
"341","非經常補助金","948","長者中心設施改善計劃","061","為義務工作發展局西園長者中心進行改善工程","2112","1914","0","198"
"341","非經常補助金","948","長者中心設施改善計劃","062","為竹園區神召會鳳德護老健康中心進行改善工程及購置家具及設備","2291","1957","0","334"
"341","非經常補助金","948","長者中心設施改善計劃","063","為聖雅各福群會退休人士服務中心進行改善工程及購置家具及設備","1972","1777","0","195"
"341","非經常補助金","948","長者中心設施改善計劃","065","為竹園區神召會彩雲長者鄰舍中心進行改善工程及購置家具及設備","4953","93","0","4860"
"341","非經常補助金","948","長者中心設施改善計劃","066","為明愛麗閣長者中心進行改善工程","3519","3271","11","237"
"341","非經常補助金","948","長者中心設施改善計劃","067","為鄰舍輔導會雅研社鄰里康齡中心進行改善工程","3519","3211","0","308"
"341","非經常補助金","948","長者中心設施改善計劃","068","為鄰舍輔導會白田康齡中心進行改善工程","2465","150","2080","235"
"341","非經常補助金","948","長者中心設施改善計劃","069","為香港路德會社會服務處路德會新翠長者中心進行改善工程","2816","2361","0","455"
"341","非經常補助金","948","長者中心設施改善計劃","070","為香港路德會社會服務處路德會采頤長者中心進行改善工程","2464","1984","0","480"
"341","非經常補助金","948","長者中心設施改善計劃","071","為嗇色園可旺耆英鄰舍中心進行改善工程","2816","0","2263","553"
"341","非經常補助金","948","長者中心設施改善計劃","072","為嗇色園可寧耆英康樂中心進行改善工程","2219","0","1977","242"
"341","非經常補助金","948","長者中心設施改善計劃","073","為保良局盧邱玉霜耆暉中心進行改善工程","2464","2320","0","144"
"341","非經常補助金","948","長者中心設施改善計劃","074","為仁濟醫院鄧碧雲紀念長者鄰舍中心進行改善工程","2464","0","16","2448"
"341","非經常補助金","948","長者中心設施改善計劃","075","為香港基督教服務處幸福長者鄰舍中心進行改善工程","2464","1990","71","403"
"341","非經常補助金","948","長者中心設施改善計劃","076","為浸信會愛羣社會服務處青衣長者鄰舍中心進行改善工程及購置家具及設備","2214","86","2000","128"
"341","非經常補助金","948","長者中心設施改善計劃","078","為九龍樂善堂尹立強敬老鄰舍中心進行改善工程","2816","0","2099","717"
"341","非經常補助金","948","長者中心設施改善計劃","079","為基督教聖約教會有限公司耀安堂老人中心進行改善工程及購置家具及設備","2567","2355","0","212"
"341","非經常補助金","948","長者中心設施改善計劃","080","為港澳信義會耆福中心進行改善工程","2465","1733","0","732"
"341","非經常補助金","948","長者中心設施改善計劃","082","為救世軍大窩口長者中心進行改善工程","4674","0","63","4611"
"341","非經常補助金","948","長者中心設施改善計劃","083","為基督教宣道會香港區聯會白普理景林長者鄰舍中心進行改善工程及購置家具及設備","4200","0","0","4200"
"341","非經常補助金","948","長者中心設施改善計劃","084","為浸信會愛羣社會服務處大埔浸信會區張秀芳長者鄰舍中心進行改善工程及購置家具及設備","4200","0","2772","1428"
"341","非經常補助金","948","長者中心設施改善計劃","085","為保良局黃祐祥紀念耆暉中心進行改善工程","4096","119","871","3106"
"341","非經常補助金","948","長者中心設施改善計劃","088","為竹園區神召會慈鳳長者鄰舍中心進行改善工程及購置家具及設備","2562","53","0","2509"
"341","非經常補助金","948","長者中心設施改善計劃","089","為香港宣教會社會服務處大興白普理老人中心進行改善工程及購置家具及設備","3381","177","44","3160"
"341","非經常補助金","948","長者中心設施改善計劃","090","為光愛中心有限公司葵芳長者服務中心進行改善工程及購置家具及設備","2971","2478","276","217"
"341","非經常補助金","948","長者中心設施改善計劃","091","為鄰舍輔導會白會督夫人康齡中心進行改善工程","2864","0","2372","492"
"341","非經常補助金","948","長者中心設施改善計劃","092","為萬國宣道浸信會元州邨浸信會耆樂中心進行改善工程及購置家具及設備","2937","2646","0","291"
"341","非經常補助金","948","長者中心設施改善計劃","093","為循道衛理楊震社會服務處長者關顧牧養中心進行改善工程及購置家具及設備","2651","1458","0","1193"
"341","非經常補助金","948","長者中心設施改善計劃","094","為香港聖公會麥理浩夫人中心林植宣博士老人綜合服務中心進行改善工程","5408","4379","0","1029"
"341","非經常補助金","948","長者中心設施改善計劃","095","為香港聖公會將軍澳安老服務大樓－賽馬會長者綜合服務中心暨日間護理服務進行改善工程","5235","3197","0","2038"
"341","非經常補助金","948","長者中心設施改善計劃","096","為香港聖公會主誕堂明華活動中心進行改善工程","2578","80","0","2498"
"341","非經常補助金","948","長者中心設施改善計劃","097","為鄰舍輔導會馬鞍山鄰里康齡中心進行改善工程","4506","0","3995","511"
"341","非經常補助金","948","長者中心設施改善計劃","098","為明愛西貢長者中心進行改善工程","4096","2943","518","635"
"341","非經常補助金","948","長者中心設施改善計劃","099","為東華三院方肇彝長者鄰舍中心進行改善工程","3686","2920","0","766"
"341","非經常補助金","948","長者中心設施改善計劃","100","為仁愛堂田家炳長者鄰舍中心進行改善工程","3686","0","3025","661"
"341","非經常補助金","948","長者中心設施改善計劃","101","為旺角街坊會有限公司九龍總商會耆英中心進行改善工程","2458","0","0","2458"
"341","非經常補助金","948","長者中心設施改善計劃","102","為鐘聲慈善社陳守仁長者鄰舍中心進行改善工程","2458","0","0","2458"
"341","非經常補助金","948","長者中心設施改善計劃","103","為中華基督教會合一堂耆年中心進行改善工程及購置家具及設備","3381","0","3041","340"
"341","非經常補助金","948","長者中心設施改善計劃","104","為尖沙咀街坊福利會松柏活動中心進行改善工程","2867","2434","0","433"
"341","非經常補助金","948","長者中心設施改善計劃","105","為救世軍耆才拓展計劃觀塘中心進行改善工程","2578","2188","36","354"
"341","非經常補助金","948","長者中心設施改善計劃","108","為國際婦女會有限公司老人中心進行改善工程","1138","1031","0","107"
"341","非經常補助金","948","長者中心設施改善計劃","109","為香港耆康老人福利會柴灣長者地區中心進行改善工程","7436","3106","965","3365"
"341","非經常補助金","948","長者中心設施改善計劃","110","支付浸信會愛羣社會服務處陳德生紀念長者鄰舍中心的改善工程及購置家具及設備的費用","4610","0","104","4506"
"341","非經常補助金","948","長者中心設施改善計劃","111","為香港佛教聯合會佛教傅黃合長者鄰舍中心進行改善工程","3686","2679","417","590"
"341","非經常補助金","948","長者中心設施改善計劃","112","為香港佛教聯合會佛教正行長者鄰舍中心進行改善工程","2867","2559","0","308"
"341","非經常補助金","948","長者中心設施改善計劃","113","為鄰舍輔導會利東鄰里康齡中心進行改善工程","3686","3339","0","347"
"341","非經常補助金","948","長者中心設施改善計劃","114","為香港仔街坊福利會社會服務中心方王換娣長者鄰舍中心進行改善工程","2867","2494","167","206"
"341","非經常補助金","948","長者中心設施改善計劃","115","為香港西區浸信會長者鄰里中心進行改善工程","2867","1388","1132","347"
"341","非經常補助金","948","長者中心設施改善計劃","116","為香港聖公會聖馬太長者鄰舍中心進行改善工程","2458","1887","327","244"
"341","非經常補助金","948","長者中心設施改善計劃","117","為仁濟醫院尹成紀念老人中心進行改善工程","2864","2375","53","436"
"341","非經常補助金","948","長者中心設施改善計劃","118","為仁濟醫院朱佩音老人中心進行改善工程","2578","28","1838","712"
"341","非經常補助金","948","長者中心設施改善計劃","119","為東華三院王少清長者中心進行改善工程","2578","2270","0","308"
"341","非經常補助金","948","長者中心設施改善計劃","120","為救世軍耆才拓展計劃東頭中心進行改善工程","2291","1714","0","577"
"341","非經常補助金","948","長者中心設施改善計劃","121","為聖雅各福群會灣仔長者地區中心進行改善工程","8738","0","4903","3835"
"341","非經常補助金","948","長者中心設施改善計劃","122","為新界婦孺福利會社會服務部柏雨長者鄰舍中心進行改善工程","4860","3581","0","1279"
"341","非經常補助金","948","長者中心設施改善計劃","123","為仁愛堂香港台山商會長者鄰舍中心進行改善工程","4418","0","0","4418"
"341","非經常補助金","948","長者中心設施改善計劃","124","為仁愛堂吳金玉紀念長者鄰舍中心進行改善工程","4418","0","1474","2944"
"341","非經常補助金","948","長者中心設施改善計劃","125","為循道衛理觀塘社會服務處藍田樂齡鄰舍中心進行改善工程及購置家具及設備","3641","3167","255","219"
"341","非經常補助金","948","長者中心設施改善計劃","126","為香港仔街坊福利會社會服務中心林應和長者鄰舍中心進行改善工程","3534","3087","239","208"
"341","非經常補助金","948","長者中心設施改善計劃","128","為香港基督教培道聯愛會莊重文敬老中心進行改善工程","2209","2079","0","130"
"341","非經常補助金","948","長者中心設施改善計劃","129","為保良局方譚遠良健樂中心進行改善工程","3097","209","2703","185"
"341","非經常補助金","948","長者中心設施改善計劃","130","為嗇色園可慶健康服務中心進行改善工程","3097","0","2014","1083"
"341","非經常補助金","948","長者中心設施改善計劃","131","為浸信會愛羣社會服務處佐敦長者中心進行裝修工程及購置家具及設備","2862","0","154","2708"
"341","非經常補助金","948","長者中心設施改善計劃","132","為香港基督教女青年會西環松柏中心進行改善工程","1858","1393","0","465"
"341","非經常補助金","948","長者中心設施改善計劃","133","為循道衛理楊震社會服務處彩虹長者綜合服務中心進行改善工程及購置家具及設備","8906","4224","2465","2217"
"341","非經常補助金","948","長者中心設施改善計劃","134","為香港耆康老人福利會荃灣長者地區中心進行改善工程","8010","0","116","7894"
"341","非經常補助金","948","長者中心設施改善計劃","135","為香港聖公會福利協會有限公司樂民郭鳳軒綜合服務中心進行改善工程","7282","0","95","7187"
"341","非經常補助金","948","長者中心設施改善計劃","136","為香港聖公會福利協會有限公司太和長者鄰舍中心進行改善工程","4418","0","24","4394"
"341","非經常補助金","948","長者中心設施改善計劃","138","為保良局劉陳小寶長者地區中心進行改善工程","6899","0","6266","633"
"341","非經常補助金","948","長者中心設施改善計劃","139","為循道愛華村服務中心社會福利部愛華耆樂中心進行改善工程及購置家具及設備","4525","0","0","4525"
"341","非經常補助金","948","長者中心設施改善計劃","140","為中華基督教禮賢會香港區會禮賢會萬隸甫夫人長者鄰舍中心進行改善工程","4418","3080","0","1338"
"341","非經常補助金","948","長者中心設施改善計劃","141","為救世軍旺角長者綜合服務海嵐長者中心進行改善工程","4418","0","3957","461"
"341","非經常補助金","948","長者中心設施改善計劃","142","支付萬國宣道浸信會有限公司長康浸信會長者鄰舍中心的改善工程及購置家具及設備費用","3200","2519","155","526"
"341","非經常補助金","948","長者中心設施改善計劃","143","支付基督教香港信義會社會服務部總處頌安長者鄰舍中心的改善工程費用","3093","167","2184","742"
"341","非經常補助金","948","長者中心設施改善計劃","144","支付博愛醫院陳平紀念長者鄰舍中心的改善工程費用","3093","0","0","3093"
"341","非經常補助金","948","長者中心設施改善計劃","145","支付元朗大會堂管理委員會有限公司元朗大會堂梁學樵夫人老人中心的改善工程費用","3093","2185","0","908"
"341","非經常補助金","948","長者中心設施改善計劃","146","支付基督復臨安息日會港澳區會新蒲崗長者鄰舍中心的改善工程費用","2651","2096","104","451"
"341","非經常補助金","948","長者中心設施改善計劃","147","支付香港東區婦女福利會楊樹章長者鄰舍中心的改善工程費用","2651","1809","333","509"
"341","非經常補助金","948","長者中心設施改善計劃","148","支付香港佛教聯合會佛教張妙願長者鄰舍中心的改善工程費用","2209","1980","0","229"
"341","非經常補助金","948","長者中心設施改善計劃","149","支付香海正覺蓮社佛教何李寬德耆英康樂中心的改善工程費用","3097","2702","0","395"
"341","非經常補助金","948","長者中心設施改善計劃","150","為基督教宣道會香港區聯會有限公司翠樂長者睦鄰中心進行改善工程及購置家具及設備","2862","2301","45","516"
"341","非經常補助金","948","長者中心設施改善計劃","151","為基督教宣道會香港區聯會長亨長者鄰舍中心進行改善工程","4525","0","2021","2504"
"341","非經常補助金","948","長者中心設施改善計劃","152","為耆康會王華湘紀念長者鄰舍中心進行改善工程","4418","0","29","4389"
"341","非經常補助金","948","長者中心設施改善計劃","153","為嗇色園可澤耆英鄰舍中心進行改善工程","4418","0","0","4418"
"341","非經常補助金","948","長者中心設施改善計劃","154","為嗇色園可富耆英鄰舍中心進行改善工程","4418","0","0","4418"
"341","非經常補助金","948","長者中心設施改善計劃","155","為基督教靈實協會靈實長者地區服務－健明中心進行改善工程","4390","0","3172","1218"
"341","非經常補助金","948","長者中心設施改善計劃","156","為香港路德會社會服務處富欣花園長者中心進行改善工程","3093","0","2159","934"
"341","非經常補助金","948","長者中心設施改善計劃","157","為博愛醫院陳士修紀念社會服務中心進行改善工程","3093","0","0","3093"
"341","非經常補助金","948","長者中心設施改善計劃","159","為仁愛堂田家炳銅鑼灣長者活動中心進行改善工程","2478","0","0","2478"
"341","非經常補助金","948","長者中心設施改善計劃","160","為香港聖公會福利協會有限公司將軍澳安老服務大樓賽馬會長者綜合服務中心暨日間護理服務進行改善工程","1037","664","0","373"
"341","非經常補助金","948","長者中心設施改善計劃","161","為循道衛理灣仔長者服務中心進行改善工程","7873","0","7454","419"
"341","非經常補助金","948","長者中心設施改善計劃","162","為東華三院黃祖棠長者地區中心進行改善工程","7704","0","311","7393"
"341","非經常補助金","948","長者中心設施改善計劃","163","為鄰舍輔導會東涌綜合服務中心進行改善工程","6638","0","0","6638"
"341","非經常補助金","948","長者中心設施改善計劃","164","為香港基督教服務處順利長者鄰舍中心進行改善工程","4674","0","47","4627"
"341","非經常補助金","948","長者中心設施改善計劃","165","為香港明愛梨木樹長者中心進行改善工程","4674","0","136","4538"
"341","非經常補助金","948","長者中心設施改善計劃","166","為亞洲婦女協進會何梁潔庭自負盈虧活動中心進行改善工程","3930","0","3206","724"
"341","非經常補助金","948","長者中心設施改善計劃","167","為中華傳道會恩光長者鄰舍中心進行改善工程","3380","0","294","3086"
"341","非經常補助金","948","長者中心設施改善計劃","168","為深水埗街坊福利會長者鄰舍中心進行改善工程","2804","0","0","2804"
"341","非經常補助金","948","長者中心設施改善計劃","169","為香港仔街坊福利會社會服務中心賽馬會黃志強長者地區中心進行改善工程","8474","0","2452","6022"
"341","非經常補助金","948","長者中心設施改善計劃","170","為東華三院王澤森長者地區中心進行改善工程","8474","0","111","8363"
"341","非經常補助金","948","長者中心設施改善計劃","171","為基督教宣道會香港區聯會油麗長者鄰舍中心進行改善工程及購置家具及設備","4782","0","0","4782"
"341","非經常補助金","948","長者中心設施改善計劃","172","為竹園區神召會牛頭角長者鄰舍中心進行改善工程及購置家具及設備","4782","0","35","4747"
"341","非經常補助金","948","長者中心設施改善計劃","173","為香港路德會社會服務處路德會友安長者中心進行改善工程","4674","0","1747","2927"
"341","非經常補助金","948","長者中心設施改善計劃","174","為香港路德會社會服務處路德會馬頭圍長者中心進行改善工程","2948","0","0","2948"
"341","非經常補助金","948","長者中心設施改善計劃","175","為香港聖公會福利協會有限公司聖路加福群會長者鄰舍中心進行改善工程","4674","0","3196","1478"
"341","非經常補助金","948","長者中心設施改善計劃","176","為博愛醫院郭興坤長者鄰舍中心進行改善工程","4674","0","0","4674"
"341","非經常補助金","948","長者中心設施改善計劃","177","為聖雅各福群會聖雅各懷愛長者鄰舍中心進行改善工程","4674","0","0","4674"
"341","非經常補助金","948","長者中心設施改善計劃","178","為仁愛堂有限公司彭鴻樟長者鄰舍中心進行改善工程","4674","0","0","4674"
"341","非經常補助金","948","長者中心設施改善計劃","179","為循道衛理楊震社會服務處油尖長者鄰舍中心進行改善工程及購置家具及設備","3380","0","1507","1873"
"341","非經常補助金","948","長者中心設施改善計劃","180","為基督教香港信義會社會服務部總處葵涌長者鄰舍中心進行改善工程","3272","0","186","3086"
"341","非經常補助金","948","長者中心設施改善計劃","181","為嗇色園可頤耆英鄰舍中心進行改善工程","3272","0","0","3272"
"341","非經常補助金","948","長者中心設施改善計劃","182","為青松觀有限公司青松侯寶垣長者鄰舍中心進行改善工程","1274","0","0","1274"
"341","非經常補助金","948","長者中心設施改善計劃","183","為明愛安老服務中心(西貢)進行改善工程","1045","0","0","1045"
"341","非經常補助金","948","長者中心設施改善計劃","184","為香港聖公會福利協會有限公司黃大仙長者綜合服務中心進行改善工程","7704","0","0","7704"
"341","非經常補助金","948","長者中心設施改善計劃","185","為保良局劉陳小寶耆暉中心進行改善工程","5609","0","0","5609"
"341","非經常補助金","948","長者中心設施改善計劃","186","為保良局曹金霖夫人耆暉中心進行改善工程","4674","0","0","4674"
"341","非經常補助金","948","長者中心設施改善計劃","187","為鄰舍輔導會天瑞鄰里康齡中心進行改善工程","4674","0","0","4674"
"341","非經常補助金","948","長者中心設施改善計劃","188","為鄰舍輔導會秀茂坪康齡中心進行改善工程","2948","0","0","2948"
"341","非經常補助金","948","長者中心設施改善計劃","189","為嗇色園可平耆英鄰舍中心進行改善工程","4674","0","0","4674"
"341","非經常補助金","948","長者中心設施改善計劃","190","為佛香講堂羅陳楚思長者鄰舍中心進行改善工程","3847","0","0","3847"
"341","非經常補助金","948","長者中心設施改善計劃","191","為萬國宣道浸信會田裕浸信會長者鄰舍中心進行改善工程","3380","0","0","3380"
"341","非經常補助金","948","長者中心設施改善計劃","192","為香港耆康老人福利會耆康學院方樹泉發展中心進行改善工程","2948","0","0","2948"
"341","非經常補助金","948","長者中心設施改善計劃","193","為圓玄學院荃灣西長者鄰舍中心進行改善工程","2912","0","0","2912"
"341","非經常補助金","948","長者中心設施改善計劃","194","為鐘聲慈善社胡陳金枝長者鄰舍中心進行改善工程","2804","0","0","2804"
"341","非經常補助金","948","長者中心設施改善計劃","195","為香港婦女基金會何郭佩珍耆康中心進行改善工程","2804","0","0","2804"
"341","非經常補助金","948","長者中心設施改善計劃","196","為仁濟醫院楊溫先生夫人長者鄰舍中心進行改善工程","2804","0","0","2804"
"341","非經常補助金","948","長者中心設施改善計劃","197","為基督復臨安息日會港澳區會恆安老人中心進行改善工程","2293","0","0","2293"
"341","非經常補助金","948","長者中心設施改善計劃","198","為香港明愛鄭承峰長者社區中心(深水埗)進行改善工程","6660","0","0","6660"
"341","非經常補助金","948","長者中心設施改善計劃","199","為香港明愛香港仔長者中心進行改善工程","2811","0","0","2811"
"341","非經常補助金","948","長者中心設施改善計劃","200","為香港明愛中區長者中心進行改善工程","2811","0","0","2811"
"341","非經常補助金","948","長者中心設施改善計劃","201","為循道衛理楊震社會服務處愛民長者鄰舍中心進行改善工程","4793","0","0","4793"
"341","非經常補助金","948","長者中心設施改善計劃","202","為救世軍華富長者中心進行改善工程","4685","0","0","4685"
"341","非經常補助金","948","長者中心設施改善計劃","203","為嗇色園可泰耆英鄰舍中心進行改善工程","4685","0","0","4685"
"341","非經常補助金","948","長者中心設施改善計劃","204","為嗇色園可康耆英鄰舍中心進行改善工程","4685","0","0","4685"
"341","非經常補助金","948","長者中心設施改善計劃","205","為仁濟醫院方若愚長者鄰舍中心進行改善工程","2811","0","0","2811"
"341","非經常補助金","948","長者中心設施改善計劃","206","為亞洲婦女協進會油麻地頤老中心進行改善工程","2811","0","0","2811"
"341","非經常補助金","948","長者中心設施改善計劃","207","為鐘聲慈善社方王換娣安老院進行改善工程","2343","0","0","2343"
"341","非經常補助金","948","長者中心設施改善計劃","208","為元朗大會堂管理委員會有限公司陳應祥紀念老人中心進行改善工程","2343","0","0","2343"
"341","非經常補助金","948","長者中心設施改善計劃","209","為香港循理會竹園耆樂會所進行改善工程","2713","0","0","2713"
"341","非經常補助金","948","長者中心設施改善計劃","210","為香港婦女基金會何郭佩珍耆康中心進行改善工程","944","0","0","944"
"341","非經常補助金","948","長者中心設施改善計劃","211","為博愛醫院王東源夫人長者地區中心進行改善工程","6953","0","0","6953"
"341","非經常補助金","948","長者中心設施改善計劃","212","為香港基督教服務處元洲長者鄰舍中心進行改善工程","5154","0","0","5154"
"341","非經常補助金","948","長者中心設施改善計劃","213","為香港循理會德田耆樂會所進行改善工程","4793","0","0","4793"
"341","非經常補助金","948","長者中心設施改善計劃","214","為香港明愛牛頭角長者中心進行改善工程","4685","0","0","4685"
"341","非經常補助金","948","長者中心設施改善計劃","215","為基督教香港信義會社會服務部總處善學慈善基金關宣卿愉翠長者鄰舍中心進行改善工程","4685","0","0","4685"
"341","非經常補助金","948","長者中心設施改善計劃","216","為香港基督教女青年會長青松柏中心進行改善工程","4685","0","0","4685"
"341","非經常補助金","948","長者中心設施改善計劃","217","為救世軍南泰長者中心進行改善工程","4685","0","0","4685"
"341","非經常補助金","948","長者中心設施改善計劃","218","為東華三院胡其廉長者鄰舍中心進行改善工程","4685","0","0","4685"
"341","非經常補助金","948","長者中心設施改善計劃","219","為東華三院龐永紹長者鄰舍中心進行改善工程","2811","0","0","2811"
"341","非經常補助金","948","長者中心設施改善計劃","220","為萬國宣道浸信會綠楊浸信會長者中心進行改善工程","3351","0","0","3351"
"341","非經常補助金","948","長者中心設施改善計劃","221","為鄰舍輔導會富泰鄰里康齡中心進行改善工程","3280","0","0","3280"
"341","非經常補助金","948","長者中心設施改善計劃","222","為香港東區婦女福利會梁李秀娛長者鄰舍中心進行改善工程","3280","0","0","3280"
"341","非經常補助金","948","長者中心設施改善計劃","223","為仁愛堂香港台山商會長者活動中心進行改善工程","3275","0","0","3275"
"341","非經常補助金","948","長者中心設施改善計劃","224","為蓬瀛仙館大埔老人服務中心進行改善工程","2811","0","0","2811"
"341","非經常補助金","948","長者中心設施改善計劃","225","為香港家庭福利會長者中心(九龍城)進行改善工程","2811","0","0","2811"
"341","非經常補助金","948","長者中心設施改善計劃","226","為仁濟醫院曾榮夫人長者鄰舍中心進行改善工程","2515","0","0","2515"
"341","非經常補助金","962","仁濟醫院","046","為位於葵涌的仁濟醫院藝進同學會護理安老院進行翻新工程及購置家具及設備","8096","161","0","7935"
"341","非經常補助金","962","仁濟醫院","056","為位於葵涌的華懋護理安老院更換廚房設備","2142","1974","0","168"
"341","非經常補助金","962","仁濟醫院","062","為位於沙田的尹成紀念老人日間護理中心進行翻新工程","3179","49","2804","326"
"341","非經常補助金","962","仁濟醫院","063","為位於荃灣的仁濟醫院綜合服務大樓進行空調系統改善工程","1471","716","0","755"
"341","非經常補助金","962","仁濟醫院","067","為位於屯門的錢曼娟安老院進行翻新工程及購置家具及設備","7814","30","52","7732"
"341","非經常補助金","962","仁濟醫院","070","為位於青衣的第三十五屆董事局長青輔助宿舍進行翻新工程","1807","16","0","1791"
"341","非經常補助金","962","仁濟醫院","071","為位於荃灣的仁濟護養院進行更換廚房設備工程","1794","0","0","1794"
"341","非經常補助金","962","仁濟醫院","072","為仁濟醫院郭玉章夫人護理安老院更換1部車輛","796","0","20","776"
"341","非經常補助金","962","仁濟醫院","074","為上水1間有30個名額的弱智／肢體傷殘人士輔助宿舍進行裝修工程","6105","0","5306","799"
"341","非經常補助金","962","仁濟醫院","075","為上水1間有30個名額的新弱智／肢體傷殘人士輔助宿舍購置家具及設備","815","0","0","815"
"341","非經常補助金","962","仁濟醫院","076","為2間展能中心暨嚴重弱智人士宿舍購置2輛中心巴士","2010","0","0","2010"
"341","非經常補助金","962","仁濟醫院","077","為盧李佩貞紀念工場購置1部車輛","591","0","0","591"
"341","非經常補助金","962","仁濟醫院","079","為位於堅尼地城的方江輝幼稚園暨幼兒中心進行冷氣工程","636","0","0","636"
"341","非經常補助金","962","仁濟醫院","080","為仁濟醫院梨木樹彩悠軒進行消防／屋宇安全設施改善工程，以符合法例要求","1234","0","0","1234"
"341","非經常補助金","964","仁愛堂有限公司","023","為位於沙田的台山商會長者鄰舍中心的新增部分進行裝修工程","774","659","0","115"
"341","非經常補助金","964","仁愛堂有限公司","024","為位於大埔德雅苑的仁愛堂彭鴻樟長者鄰舍中心的新增部份進行裝修工程","1954","1312","0","642"
"341","非經常補助金","964","仁愛堂有限公司","028","為位於大埔的仁愛堂張慕良夫人幼稚園暨幼兒園進行翻新工程及購置家具及設備","1428","1158","0","270"
"341","非經常補助金","964","仁愛堂有限公司","030","為仁愛堂田家炳屯門綜合家居照顧服務中心進行翻新工程","1160","0","29","1131"
"341","非經常補助金","964","仁愛堂有限公司","031","為位於屯門的仁愛堂劉皇發幼兒園進行翻新工程","1485","0","0","1485"
"341","非經常補助金","964","仁愛堂有限公司","032","為仁愛堂田家炳護理安老院購置1部車輛","947","0","0","947"
"341","非經常補助金","966","循道衛理楊震社會服務處","028","為油旺家居護理服務以1輛14座位石油氣私家輕型巴士更換1輛8座位私家輕型巴士","830","683","0","147"
"341","非經常補助金","966","循道衛理楊震社會服務處","031","為位於深水埗的1間殘疾人士地區支援中心進行裝修工程","6545","5361","0","1184"
"341","非經常補助金","966","循道衛理楊震社會服務處","034","為位於深水埗的嚴重殘疾人士家居照顧服務隊辦公室進行裝修工程","2858","0","2190","668"
"341","非經常補助金","966","循道衛理楊震社會服務處","035","為位於深水埗的嚴重肢體傷殘人士綜合支援服務辦公室進行裝修工程","3248","0","130","3118"
"341","非經常補助金","966","循道衛理楊震社會服務處","036","為成立位於深水埗的嚴重肢體傷殘人士綜合支援服務辦公室購置家具及設備","842","0","0","842"
"341","非經常補助金","974","圓玄學院","018","推行青年安老服務啟航計劃(第二期)","14763","7815","711","6237"
"341","非經常補助金","974","圓玄學院","022","為位於觀塘的圓玄護養院暨長者日間護理中心(順利邨)進行翻新工程","1655","0","0","1655"
"341","非經常補助金","974","圓玄學院","023","為位於荃灣的圓玄護養院暨長者日間護理中心(梨木樹邨)購置家具及設備","3071","0","77","2994"
