"總目","開支組成項目","傳统分目","2016-17
(實際)
($'000)","2017-18
(原來預算)
($'000)","2017-18
(修訂預算)
($'000)","2018-19
(預算)
($'000)"
"21","個人薪酬","薪金",57782,58799,59555,61650
"21","個人薪酬","津貼",2638,2488,3526,3657
"21","個人薪酬","工作相關津貼",7,8,15,17
"21","與員工有關連的開支","強制性公積金供款",243,260,281,262
"21","與員工有關連的開支","公務員公積金供款",2534,2801,2836,3013
"21","部門開支","就特別委任而支付的酬金",13120,16472,11618,10217
"21","部門開支","一般部門開支",19887,21516,23606,21971
"21","其他費用","行政會議非官守成員酬金",14287,15019,15860,16220
"22","個人薪酬","薪金",687314,741090,722716,798508
"22","個人薪酬","津貼",15890,15644,17450,17416
"22","個人薪酬","工作相關津貼",8097,9225,9730,9903
"22","與員工有關連的開支","強制性公積金供款",3259,4381,3700,6570
"22","與員工有關連的開支","公務員公積金供款",30173,37714,36000,42772
"22","部門開支","一般部門開支",417163,505899,513918,604195
"22","其他費用","小規模自然護理計劃及研究",6405,6270,6270,6270
"22","資助金","香港愛護動物協會",1000,1000,1000,1000
"22","資助金","亞太區水產養殖中心網絡",78,80,80,80
"22","資助金","資助護理及管理拉姆薩爾濕地",759,759,759,759
"22","資助金","動物福利機構",513,500,500,500
"22","資助金","生物多樣性教育項目",1028,1400,1400,1400
"23","個人薪酬","薪金",32613,36073,34702,35029
"23","個人薪酬","津貼",338,422,422,350
"23","個人薪酬","工作相關津貼",57,71,90,71
"23","與員工有關連的開支","強制性公積金供款",230,257,254,246
"23","與員工有關連的開支","公務員公積金供款",1154,1577,1431,1990
"23","部門開支","一般部門開支",18118,15583,17079,18769
"23","其他費用","輔助部隊的薪酬及津貼",35493,39850,39850,41986
"23","其他費用","輔助部隊訓練費用",2553,2362,2362,2362
"24","個人薪酬","薪金",151103,152149,153938,159177
"24","個人薪酬","津貼",1466,626,235,513
"24","與員工有關連的開支","強制性公積金供款",399,399,380,503
"24","與員工有關連的開支","公務員公積金供款",4249,5439,5377,6270
"24","部門開支","就特別委任而支付的酬金",3719,7171,7232,3796
"24","部門開支","一般部門開支",3421,3407,3407,3466
"25","個人薪酬","薪金",1145746,1175515,1200317,1220574
"25","個人薪酬","津貼",11966,12363,12310,13290
"25","個人薪酬","工作相關津貼",49,67,67,67
"25","與員工有關連的開支","強制性公積金供款",3608,5844,4808,6859
"25","與員工有關連的開支","公務員公積金供款",37530,45336,43119,54627
"25","部門開支","電燈及電力",4111,4835,4512,4731
"25","部門開支","僱用服務及專業費用",52678,54792,55465,69012
"25","部門開支","工場服務",10840,12609,12058,13789
"25","部門開支","一般部門開支",66704,71579,82379,95409
"25","其他費用","政府建築物維修工程",697936,657943,655463,699356
"26","個人薪酬","薪金",540697,540647,538600,557820
"26","個人薪酬","津貼",5082,5110,4530,4560
"26","個人薪酬","工作相關津貼",0,1,1,1
"26","與員工有關連的開支","強制性公積金供款",1339,2215,1724,2195
"26","與員工有關連的開支","公務員公積金供款",13303,16897,16378,19814
"26","部門開支","一般部門開支",217214,100662,88914,87955
"26","其他費用","亞洲及太平洋區統計研修所",233,235,235,235
"27","個人薪酬","薪金",38784,41282,39550,41930
"27","個人薪酬","津貼",566,454,1052,470
"27","個人薪酬","工作相關津貼",5,9,8,8
"27","與員工有關連的開支","強制性公積金供款",160,222,241,310
"27","與員工有關連的開支","公務員公積金供款",833,1380,1057,1355
"27","部門開支","一般部門開支",25302,24041,26030,28598
"27","其他費用","輔助部隊的薪酬及津貼",38003,40460,39863,42060
"27","其他費用","輔助部隊訓練費用",1445,1620,1724,2168
"28","個人薪酬","薪金",522494,570550,535900,616756
"28","個人薪酬","津貼",5595,6420,7517,7603
"28","個人薪酬","工作相關津貼",710,1208,1266,1331
"28","與員工有關連的開支","強制性公積金供款",1426,1170,1420,1942
"28","與員工有關連的開支","公務員公積金供款",24700,28847,27661,32957
"28","與員工有關連的開支","外調補助津貼",0,0,0,2770
"28","部門開支","一般部門開支",380690,367835,415646,403981
"30","個人薪酬","薪金",2810827,2866367,2877536,2908565
"30","個人薪酬","津貼",73120,70083,74134,74528
"30","個人薪酬","工作相關津貼",31757,38660,38660,38660
"30","與員工有關連的開支","強制性公積金供款",12990,15775,14280,17107
"30","與員工有關連的開支","公務員公積金供款",146705,178372,173502,198229
"30","部門開支","專門用途的物料及設備",45260,38234,40575,39080
"30","部門開支","一般部門開支",471825,453339,453670,502646
"30","其他費用","在囚人士福利",5690,5490,5490,6040
"30","其他費用","懲教署福利基金補助金",363,379,359,379
"31","個人薪酬","薪金",2561557,2593397,2665709,2989930
"31","個人薪酬","津貼",63164,61478,62649,68227
"31","個人薪酬","工作相關津貼",10893,11362,11451,12566
"31","與員工有關連的開支","租金津貼",517,786,617,735
"31","與員工有關連的開支","強制性公積金供款",13850,14764,15394,25673
"31","與員工有關連的開支","公務員公積金供款",115723,145304,142892,168104
"31","與員工有關連的開支","外調補助津貼",195,65,29,193
"31","部門開支","一般部門開支",591302,670088,623429,920607
"31","其他費用","土地使用費",3682,5100,4699,5100
"31","其他費用","香港海關福利基金補助金",290,295,291,298
"33","個人薪酬","薪金",1164915,1251924,1223392,1341461
"33","個人薪酬","津貼",16188,18161,19677,19515
"33","個人薪酬","工作相關津貼",874,931,966,929
"33","與員工有關連的開支","強制性公積金供款",3475,4970,3681,5419
"33","與員工有關連的開支","公務員公積金供款",44298,57452,53501,71174
"33","部門開支","合約維修工作",1258970,1384960,1106546,1400126
"33","部門開支","一般部門開支",141902,122094,183173,140410
"37","個人薪酬","薪金",3238301,3403792,3383007,3622989
"37","個人薪酬","津貼",26023,24681,25444,26791
"37","個人薪酬","工作相關津貼",2215,2291,2319,2348
"37","與員工有關連的開支","強制性公積金供款",12355,10341,13178,11065
"37","與員工有關連的開支","公務員公積金供款",132021,175180,144449,205200
"37","部門開支","臨時僱員",177095,189099,189236,271107
"37","部門開支","專門用途的物料及設備",578742,709185,752561,872034
"37","部門開支","一般部門開支",930600,944542,945770,1416825
"37","其他費用","承造假牙",8534,9000,7945,9000
"37","其他費用","支付及發還醫療費用和醫院收費",576088,633400,692000,895200
"37","其他費用","供應、修理和更換義製人體器官及外科器具",5143,4620,5220,4620
"37","其他費用","醫療券計劃",1102344,2135000,1910127,3155600
"37","其他費用","發還接種疫苗費用",56373,112908,81968,126159
"37","資助金","資助機構",316983,315326,314072,322503
"39","個人薪酬","薪金",871719,930855,885074,969878
"39","個人薪酬","津貼",36636,33843,34098,34120
"39","個人薪酬","工作相關津貼",8831,8157,8125,8305
"39","與員工有關連的開支","強制性公積金供款",3718,4732,4524,5905
"39","與員工有關連的開支","公務員公積金供款",29242,36947,34274,42964
"39","部門開支","電燈及電力",294010,295827,316382,322710
"39","部門開支","僱用服務及專業費用",199247,169664,200996,201593
"39","部門開支","燃料及潤滑油",2398,1975,2050,2004
"39","部門開支","專門用途的物料及設備",230300,236346,236346,239194
"39","部門開支","維修材料",118322,125904,97320,97451
"39","部門開支","合約維修工作",605417,569094,607166,617979
"39","部門開支","一般部門開支",164273,186905,191737,194720
"42","個人薪酬","薪金",310314,336031,327272,391748
"42","個人薪酬","津貼",3621,3875,4263,4432
"42","個人薪酬","工作相關津貼",0,1,1,1
"42","與員工有關連的開支","強制性公積金供款",530,411,650,444
"42","與員工有關連的開支","公務員公積金供款",10390,12228,13570,16648
"42","部門開支","一般部門開支",114373,130721,127780,142310
"44","個人薪酬","薪金",1130462,1163340,1189042,1319407
"44","個人薪酬","津貼",30126,30914,31234,36393
"44","個人薪酬","工作相關津貼",759,820,877,900
"44","與員工有關連的開支","強制性公積金供款",3682,4111,4396,6330
"44","與員工有關連的開支","公務員公積金供款",31187,39605,37416,51310
"44","部門開支","專門用途的物料及設備",12987,14715,13111,14357
"44","部門開支","一般部門開支",363095,548083,422216,718136
"45","個人薪酬","薪金",4180956,4342729,4380554,4555823
"45","個人薪酬","津貼",83419,58641,61729,64729
"45","個人薪酬","工作相關津貼",101792,100302,107658,118347
"45","與員工有關連的開支","強制性公積金供款",18916,19939,20483,25140
"45","與員工有關連的開支","公務員公積金供款",238964,283763,279248,326051
"45","部門開支","專門用途的物料及設備",84643,88268,81768,131249
"45","部門開支","一般部門開支",694523,691838,743440,792996
"47","個人薪酬","薪金",396019,413537,417840,419600
"47","個人薪酬","津貼",6649,8900,9300,9300
"47","個人薪酬","工作相關津貼",52,100,100,100
"47","與員工有關連的開支","強制性公積金供款",956,883,1000,1375
"47","與員工有關連的開支","公務員公積金供款",5604,7100,7270,9345
"47","部門開支","僱用服務及專業費用",185270,184586,184500,180569
"47","部門開支","資訊及通訊科技的租用及維修",33728,33400,32400,34000
"47","部門開支","一般部門開支",23711,23000,23000,27500
"47","其他費用","電子政府服務系統託管平台",46278,42000,43000,45000
"48","個人薪酬","薪金",299777,306665,309233,311178
"48","個人薪酬","津貼",2248,3090,1530,1670
"48","與員工有關連的開支","強制性公積金供款",847,808,860,710
"48","與員工有關連的開支","公務員公積金供款",14668,18045,17993,19985
"48","部門開支","一般部門開支",82977,77373,79283,96068
"49","個人薪酬","薪金",3128943,3176141,3234315,3437099
"49","個人薪酬","津貼",39732,35877,42811,42811
"49","個人薪酬","工作相關津貼",70856,66662,71998,71998
"49","與員工有關連的開支","強制性公積金供款",26979,25962,28025,30653
"49","與員工有關連的開支","公務員公積金供款",138931,181323,177493,223616
"49","部門開支","一般部門開支",2802898,3115921,3070192,3514962
"49","其他費用","英聯邦國殤紀念墳場管理委員會",317,326,450,439
"51","個人薪酬","薪金",133558,132370,134426,140574
"51","個人薪酬","津貼",1429,1035,1524,1751
"51","個人薪酬","工作相關津貼",0,10,2,10
"51","與員工有關連的開支","宿舍租賃及管理",285949,299409,286826,312135
"51","與員工有關連的開支","強制性公積金供款",450,364,452,329
"51","與員工有關連的開支","公務員公積金供款",4105,4854,4409,5450
"51","部門開支","電燈及電力",267944,263490,248020,265030
"51","部門開支","僱用服務及專業費用",148903,149869,145458,153057
"51","部門開支","專門用途的物料及設備",13170,15000,15000,15000
"51","部門開支","工場服務",297452,284989,290972,264370
"51","部門開支","一般部門開支",8371,8064,9078,23273
"51","其他費用","物業租金及管理費用(宿舍除外)",736750,731889,755176,778388
"53","個人薪酬","薪金",171232,185222,189540,201904
"53","個人薪酬","津貼",5231,4835,5488,5488
"53","個人薪酬","工作相關津貼",2,20,3,20
"53","與員工有關連的開支","強制性公積金供款",414,347,517,531
"53","與員工有關連的開支","公務員公積金供款",5067,7319,6929,10111
"53","部門開支","一般部門開支",245138,325308,329738,213356
"53","其他費用","國際青年交流計劃",1740,2920,3000,2920
"53","其他費用","與家庭議會有關的活動",20843,26794,26004,25870
"53","其他費用","支援學生運動員、退役運動員、地區足球發展和殘疾人士體育項目的各項計劃",0,0,0,36155
"53","其他費用","在學校以外推廣公民教育",23948,19909,19909,19909
"53","其他費用","青年廣場",83706,80320,78650,85140
"53","其他費用","青年發展活動",149089,160164,160164,165164
"53","資助金","石硤尾創意藝術中心",10248,10248,10248,10248
"53","資助金","香港藝穗節有限公司",5236,7800,8450,7800
"53","資助金","當值律師服務",132988,140741,138132,35651
"53","資助金","香港演藝學院",297897,298923,303089,323636
"53","資助金","香港外展信託基金會",1771,1771,1771,1771
"53","資助金","香港藝術發展局",123826,123826,124472,150746
"53","資助金","法律援助服務局",6367,6500,6607,1662
"53","資助金","中國香港體育協會暨奧林匹克委員會",21259,19859,19859,19859
"53","資助金","制服團體及其他青年組織",105099,108365,106182,103999
"53","資助金","主要演藝團體",333962,334584,333294,366684
"55","個人薪酬","薪金",78460,84016,83727,84962
"55","個人薪酬","津貼",1972,2083,3244,3312
"55","個人薪酬","工作相關津貼",0,4,2,4
"55","與員工有關連的開支","強制性公積金供款",334,281,304,253
"55","與員工有關連的開支","公務員公積金供款",2135,2703,2790,3193
"55","部門開支","一般部門開支",60540,74568,67075,80540
"59","個人薪酬","薪金",238521,248122,249837,257063
"59","個人薪酬","津貼",10092,9534,9677,10056
"59","個人薪酬","工作相關津貼",1444,1370,1386,1431
"59","與員工有關連的開支","強制性公積金供款",1189,1398,1378,1519
"59","與員工有關連的開支","公務員公積金供款",7205,10602,10600,12790
"59","部門開支","專門用途的物料及設備",85526,68475,67825,68519
"59","部門開支","合約維修工作",1138,997,997,1045
"59","部門開支","一般部門開支",65892,79887,78343,81768
"60","個人薪酬","薪金",1227526,1322800,1269891,1431251
"60","個人薪酬","津貼",17763,20111,22334,21727
"60","個人薪酬","工作相關津貼",1569,1682,1646,1651
"60","與員工有關連的開支","強制性公積金供款",4104,6328,4786,7094
"60","與員工有關連的開支","公務員公積金供款",40832,49966,50378,60321
"60","與員工有關連的開支","外調補助津貼",0,0,233,0
"60","部門開支","維修材料",10,25,23,23
"60","部門開支","工場服務",134764,149439,175168,266493
"60","部門開支","一般部門開支",149553,154875,184765,418001
"60","其他費用","公路維修",1003432,1193209,986434,1403397
"63","個人薪酬","薪金",958166,993405,989260,1086765
"63","個人薪酬","津貼",14306,13900,14897,14686
"63","個人薪酬","工作相關津貼",586,330,1026,330
"63","與員工有關連的開支","強制性公積金供款",4166,4591,4401,5881
"63","與員工有關連的開支","公務員公積金供款",32480,41928,38667,48646
"63","部門開支","臨時僱員",90842,96252,95590,115558
"63","部門開支","委員會成員酬金",406813,421124,421124,421124
"63","部門開支","一般部門開支",279959,245885,279313,362434
"63","其他費用","內地新來港定居人士和少數族裔人士支援服務",60190,59823,59823,59823
"63","其他費用","推動社會企業發展",28063,24856,24856,17387
"63","其他費用","鄉郊代表酬金",13553,13843,13788,13843
"63","其他費用","鄰里互助計劃",3552,5392,4504,3533
"63","其他費用","鄉郊選舉",4167,14000,14760,80120
"63","其他費用","社區參與計劃",357495,461600,461600,461600
"63","其他費用","給予互助委員會的財政援助",6234,7280,7280,7168
"63","其他費用","大廈管理",17998,20237,20237,20882
"63","其他費用","青年發展活動",34491,36000,35706,36000
"63","資助金","給予新界機構的資助金",7901,8347,8195,8988
"63","資助金","給予地區體藝組織的資助金",4502,4560,5130,5700
"70","個人薪酬","薪金",3195865,3444193,3400842,4146712
"70","個人薪酬","津貼",60128,70971,65820,94252
"70","個人薪酬","工作相關津貼",1505,1936,1707,1790
"70","與員工有關連的開支","強制性公積金供款",13993,18992,18896,31314
"70","與員工有關連的開支","公務員公積金供款",195578,223566,222438,261667
"70","部門開支","資訊及通訊科技的租用及維修",161153,161521,149656,214790
"70","部門開支","專門用途的物料及設備",152976,106762,90440,144988
"70","部門開支","一般部門開支",462103,490983,457295,739624
"70","其他費用","土地使用費",3682,5100,4699,5100
"70","其他費用","入境事務隊福利基金的補助金",334,350,346,392
"72","個人薪酬","薪金",854206,876895,879696,906642
"72","個人薪酬","津貼",23213,22033,22601,22869
"72","個人薪酬","工作相關津貼",6623,6422,6379,6262
"72","與員工有關連的開支","與傷亡及喪失工作能力有關的款項及開支",0,0,598,0
"72","與員工有關連的開支","強制性公積金供款",22675,23126,23150,24657
"72","部門開支","就特別委任而支付的酬金",3448,7129,7182,3541
"72","部門開支","一般部門開支",96377,91526,108377,98479
"72","其他費用","調查費用",4212,5100,5100,5100
"72","其他費用","宣傳工作",16098,15586,15586,15586
"72","其他費用","廉政公署福利基金補助金",61,68,62,68
"74","個人薪酬","薪金",275494,276005,285385,286473
"74","個人薪酬","津貼",10630,11326,10845,11461
"74","個人薪酬","工作相關津貼",459,652,554,693
"74","與員工有關連的開支","強制性公積金供款",1069,1006,1050,976
"74","與員工有關連的開支","公務員公積金供款",12439,14978,14978,17444
"74","部門開支","一般部門開支",56724,59337,57737,62402
"74","其他費用","宣傳工作",59832,55404,57698,50670
"74","其他費用","訪港客人及海外演講的開支",47211,85105,82247,68187
"76","個人薪酬","薪金",1245688,1285044,1274485,1319725
"76","個人薪酬","津貼",21444,22523,25173,26954
"76","個人薪酬","工作相關津貼",43,49,81,34
"76","與員工有關連的開支","強制性公積金供款",4195,5149,4556,6339
"76","與員工有關連的開支","公務員公積金供款",30271,40474,37521,47344
"76","部門開支","一般部門開支",194147,186689,188713,214001
"78","個人薪酬","薪金",98299,109943,106432,113245
"78","個人薪酬","津貼",3378,3622,4363,2329
"78","個人薪酬","工作相關津貼",0,1,1,1
"78","與員工有關連的開支","強制性公積金供款",371,386,415,300
"78","與員工有關連的開支","公務員公積金供款",4742,6550,5805,7255
"78","部門開支","一般部門開支",29371,26892,31648,29642
"78","其他費用","宣傳及教育計劃",9632,9000,9020,14400
"79","個人薪酬","薪金",23368,26606,27063,27672
"79","個人薪酬","津貼",451,182,238,177
"79","個人薪酬","工作相關津貼",0,1,1,1
"79","與員工有關連的開支","強制性公積金供款",19,34,40,41
"79","與員工有關連的開支","公務員公積金供款",630,864,865,891
"79","部門開支","一般部門開支",101071,103010,106810,110226
"80","個人薪酬","薪金",1048393,1179892,1114283,1260716
"80","個人薪酬","津貼",26374,23634,27159,27478
"80","個人薪酬","工作相關津貼",1546,1573,1350,1358
"80","與員工有關連的開支","現金津貼",7905,46354,20483,25116
"80","與員工有關連的開支","強制性公積金供款",3070,4387,3728,3969
"80","與員工有關連的開支","公務員公積金供款",21393,23053,25811,29775
"80","部門開支","僱用服務及專業費用",180751,192459,213387,247876
"80","部門開支","一般部門開支",215081,262275,264891,286006
"80","其他費用","裁判官濟貧箱",0,8,8,8
"82","個人薪酬","薪金",982940,1034454,1049888,1129826
"82","個人薪酬","津貼",8246,7800,8733,11875
"82","個人薪酬","工作相關津貼",43,53,89,93
"82","與員工有關連的開支","強制性公積金供款",5007,6195,4600,5945
"82","與員工有關連的開支","公務員公積金供款",54855,71935,71285,86696
"82","部門開支","僱用服務及專業費用",107995,99947,99947,119041
"82","部門開支","合約維修工作",1840,1850,1447,1533
"82","部門開支","一般部門開支",162494,129602,129659,170300
"90","個人薪酬","薪金",1174475,1221894,1221662,1346528
"90","個人薪酬","津貼",15255,8217,10083,16198
"90","個人薪酬","工作相關津貼",0,3,3,3
"90","與員工有關連的開支","強制性公積金供款",4137,5444,4606,5574
"90","與員工有關連的開支","公務員公積金供款",40002,49577,47387,61161
"90","部門開支","一般部門開支",274107,313572,279303,348482
"90","其他費用","活動、展覽及宣傳",33444,33279,34736,40221
"91","個人薪酬","薪金",1869443,1880030,1933983,2060115
"91","個人薪酬","津貼",21982,18762,18759,19087
"91","個人薪酬","工作相關津貼",2797,3108,3107,3197
"91","與員工有關連的開支","強制性公積金供款",5364,5768,5958,8820
"91","與員工有關連的開支","公務員公積金供款",50549,64226,63809,84798
"91","部門開支","僱用服務及專業費用",46629,72327,65039,73590
"91","部門開支","合約維修工作",214903,191448,202150,226671
"91","部門開支","一般部門開支",180433,207392,198708,268709
"91","其他費用","財政司司長法團─暫記帳調整",0,15,15,15
"92","個人薪酬","薪金",837987,886517,882442,990081
"92","個人薪酬","津貼",19100,21152,21957,24878
"92","個人薪酬","工作相關津貼",0,6,6,10
"92","與員工有關連的開支","強制性公積金供款",2558,3434,2910,4169
"92","與員工有關連的開支","公務員公積金供款",36520,44759,42507,50791
"92","部門開支","就特別委任而支付的酬金",3945,3950,4250,4400
"92","部門開支","一般部門開支",153592,180592,165248,196057
"92","其他費用","僱用法律服務及有關的專業費用",231286,398360,266410,390680
"92","其他費用","為解決建造工程糾紛提供的法律服務",60431,103300,51140,91000
"94","個人薪酬","薪金",271799,280956,283619,283310
"94","個人薪酬","津貼",2183,1750,1891,2284
"94","與員工有關連的開支","強制性公積金供款",880,967,1036,1107
"94","與員工有關連的開支","公務員公積金供款",9151,11459,11202,13405
"94","部門開支","一般部門開支",17570,18200,18030,19735
"95","個人薪酬","薪金",2898289,3106781,3074649,3268923
"95","個人薪酬","津貼",71397,75819,78709,77350
"95","個人薪酬","工作相關津貼",45463,44708,47674,47131
"95","與員工有關連的開支","強制性公積金供款",16933,21150,20294,22030
"95","與員工有關連的開支","公務員公積金供款",122700,148755,140235,173910
"95","部門開支","一般部門開支",4122515,3944945,4030553,4157046
"95","其他費用","宣傳工作",71027,61692,63043,58015
"95","其他費用","文化節目、娛樂節目、活動及展覽",205194,242073,271956,236597
"95","其他費用","康樂及體育活動、節目、運動及展覽",78858,67619,72918,65685
"95","其他費用","圖書館物料及多媒體服務",101325,102795,102796,103796
"95","其他費用","文物及博物館展覽",156700,133772,142015,108781
"95","資助金","康樂及文化活動資助金",269554,336037,289127,302003
"95","資助金","香港拯溺總會",541,541,541,541
"95","資助金","香港考古學會",149,150,150,150
"95","資助金","給予非政府機構營舍的資助金",39956,42873,42506,43286
"96","個人薪酬","薪金",123270,149572,138138,160324
"96","個人薪酬","津貼",30216,37692,31951,40447
"96","與員工有關連的開支","公務員公積金供款",4265,4992,4631,6823
"96","與員工有關連的開支","外調補助津貼",1959,5235,3047,6799
"96","部門開支","一般部門開支",104783,116217,114610,144765
"96","其他費用","宣傳工作",71377,110453,99529,63017
"100","個人薪酬","薪金",567051,609413,594716,620712
"100","個人薪酬","津貼",18947,15645,18319,18578
"100","個人薪酬","工作相關津貼",5634,5272,5818,5963
"100","與員工有關連的開支","強制性公積金供款",3033,4032,4029,4423
"100","與員工有關連的開支","公務員公積金供款",18236,27501,22337,31127
"100","與員工有關連的開支","外調補助津貼",0,0,0,260
"100","部門開支","維修材料",129561,124536,132890,137890
"100","部門開支","合約維修工作",110742,106541,112561,117561
"100","部門開支","一般部門開支",369296,375785,390839,450109
"116","個人薪酬","薪金",124579,130030,130100,147010
"116","個人薪酬","津貼",3608,3327,3800,3696
"116","個人薪酬","工作相關津貼",0,2,2,2
"116","與員工有關連的開支","強制性公積金供款",488,615,589,995
"116","與員工有關連的開支","公務員公積金供款",4203,5346,5344,6562
"116","部門開支","僱用服務及專業費用",5584,4332,5379,5841
"116","部門開支","一般部門開支",50536,36599,37580,178752
"118","個人薪酬","薪金",543005,548265,557292,585805
"118","個人薪酬","津貼",7130,7438,7658,10310
"118","個人薪酬","工作相關津貼",0,2,2,2
"118","與員工有關連的開支","強制性公積金供款",1444,1573,1515,2588
"118","與員工有關連的開支","公務員公積金供款",15018,19353,18284,21402
"118","部門開支","一般部門開支",88944,101950,101950,94298
"122","個人薪酬","薪金",14611233,14846000,15065000,15427000
"122","個人薪酬","津貼",219119,205000,232000,220000
"122","個人薪酬","工作相關津貼",159050,161000,161337,163000
"122","與員工有關連的開支","租金津貼",1498,1600,2000,2000
"122","與員工有關連的開支","強制性公積金供款",90908,98298,97567,108854
"122","與員工有關連的開支","公務員公積金供款",746667,881184,870946,1006186
"122","與員工有關連的開支","外調補助津貼",404,130,203,600
"122","部門開支","專門用途的物料及設備",127805,175000,152000,216000
"122","部門開支","一般部門開支",1395464,1460047,1526000,1690783
"122","其他費用","陸上管理線保安設施維修工程",7932,7500,8400,8400
"122","其他費用","調查費用",46033,40000,53000,53000
"122","其他費用","輔助部隊的薪酬及津貼",142297,147000,152000,157000
"135","個人薪酬","薪金",23491,35932,30979,139526
"135","個人薪酬","津貼",2355,2673,2117,5307
"135","個人薪酬","工作相關津貼",0,2,2,2
"135","與員工有關連的開支","強制性公積金供款",72,161,131,437
"135","與員工有關連的開支","公務員公積金供款",396,1485,951,4041
"135","部門開支","一般部門開支",12523,27962,15411,223574
"136","個人薪酬","薪金",19446,21963,21810,20676
"136","個人薪酬","津貼",270,337,385,576
"136","個人薪酬","工作相關津貼",0,2,2,2
"136","與員工有關連的開支","強制性公積金供款",8,19,13,9
"136","與員工有關連的開支","公務員公積金供款",32,42,43,71
"136","部門開支","就特別委任而支付的酬金",3366,6017,5700,3482
"136","部門開支","一般部門開支",1749,1970,1695,2258
"137","個人薪酬","薪金",44816,47168,47755,49009
"137","個人薪酬","津貼",805,812,525,531
"137","個人薪酬","工作相關津貼",0,2,2,2
"137","與員工有關連的開支","強制性公積金供款",72,74,59,35
"137","與員工有關連的開支","公務員公積金供款",1550,1893,1933,2272
"137","部門開支","一般部門開支",25499,25896,25896,35745
"138","個人薪酬","薪金",105077,110755,122318,133089
"138","個人薪酬","津貼",3410,3475,3691,4483
"138","個人薪酬","工作相關津貼",1,5,3,2
"138","與員工有關連的開支","強制性公積金供款",178,203,254,180
"138","與員工有關連的開支","公務員公積金供款",4941,5087,6090,8420
"138","部門開支","臨時僱員",38232,39014,43817,49718
"138","部門開支","委員會成員酬金",3322,4527,3894,4122
"138","部門開支","一般部門開支",47701,74584,56051,59922
"139","個人薪酬","薪金",44041,48805,49407,53684
"139","個人薪酬","津貼",2982,3658,3183,3981
"139","個人薪酬","工作相關津貼",0,2,2,2
"139","與員工有關連的開支","強制性公積金供款",83,84,115,85
"139","與員工有關連的開支","公務員公積金供款",1627,2464,2341,3268
"139","部門開支","一般部門開支",82362,107068,99426,104563
"140","個人薪酬","薪金",92376,98340,99040,126780
"140","個人薪酬","津貼",4550,5370,4370,5028
"140","個人薪酬","工作相關津貼",0,2,2,2
"140","與員工有關連的開支","強制性公積金供款",168,147,214,197
"140","與員工有關連的開支","公務員公積金供款",3735,5487,5453,10736
"140","部門開支","一般部門開支",155758,209074,208762,341839
"140","資助金","醫院管理局",52619456,54409320,55520103,61470771
"140","資助金","菲臘牙科醫院",154476,157676,160253,194152
"141","個人薪酬","薪金",90241,94116,91036,95050
"141","個人薪酬","津貼",4262,3504,2697,2165
"141","個人薪酬","工作相關津貼",3,6,4,5
"141","與員工有關連的開支","強制性公積金供款",255,191,225,212
"141","與員工有關連的開支","公務員公積金供款",4378,5418,4827,6220
"141","部門開支","一般部門開支",72884,93816,76375,88453
"141","其他費用","向捨身救人者家屬提供經濟援助",9360,9000,4500,10000
"141","其他費用","康復服務公眾教育",12178,13500,13500,13500
"141","其他費用","離院長者綜合支援計劃",182669,191264,187281,191352
"141","資助金","生活環境輔導服務",1940,1940,1992,1992
"141","資助金","職業訓練局",203481,196783,200547,200327
"141","資助金","展亮技能發展中心",101135,101135,103272,103933
"141","資助金","監護委員會",5559,6722,6802,7658
"141","資助金","為涉及照顧或保護事宜司法程序的兒童或少年提供法律代表計劃",4647,5460,5016,5200
"141","資助金","成人教育資助計劃",11013,12000,11354,12000
"142","個人薪酬","薪金",328446,343459,334944,311402
"142","個人薪酬","津貼",9254,10753,11572,9495
"142","個人薪酬","工作相關津貼",3,3,22,20
"142","與員工有關連的開支","強制性公積金供款",982,669,1030,1203
"142","與員工有關連的開支","公務員公積金供款",9854,15012,13010,16188
"142","部門開支","就特別委任而支付的酬金",22890,25586,17100,12500
"142","部門開支","委員會成員酬金",2150,2250,2386,4168
"142","部門開支","僱用服務及專業費用",190842,244133,211150,185784
"142","部門開支","一般部門開支",339684,342261,349975,210256
"142","資助金","當值律師服務",0,0,0,106953
"142","資助金","法律援助服務局",0,0,0,4987
"143","個人薪酬","薪金",427795,452694,448702,476599
"143","個人薪酬","津貼",6759,6856,7556,7702
"143","個人薪酬","工作相關津貼",0,5,1,1
"143","與員工有關連的開支","強制性公積金供款",574,585,617,696
"143","與員工有關連的開支","公務員公積金供款",10496,13041,12794,15018
"143","部門開支","訓練費用",74192,79241,77123,82390
"143","部門開支","一般部門開支",49224,48204,49719,70440
"144","個人薪酬","薪金",165408,184858,179505,196381
"144","個人薪酬","津貼",19272,22921,22235,25555
"144","個人薪酬","工作相關津貼",0,2,2,2
"144","與員工有關連的開支","強制性公積金供款",149,146,152,145
"144","與員工有關連的開支","公務員公積金供款",8312,9712,8903,10092
"144","與員工有關連的開支","外調補助津貼",2785,4468,2489,5818
"144","部門開支","一般部門開支",149320,170875,171671,196316
"144","其他費用","宣傳工作",66483,98983,99519,44205
"144","其他費用","促進平等機會及人權的活動",9374,11325,12325,7016
"144","資助金","平等機會委員會",108988,105977,108014,108014
"144","資助金","個人資料私隱專員公署",76012,75632,79969,75469
"147","個人薪酬","薪金",133101,143971,139880,148572
"147","個人薪酬","津貼",5984,6514,6432,5668
"147","個人薪酬","工作相關津貼",0,2,2,2
"147","與員工有關連的開支","強制性公積金供款",162,120,200,175
"147","與員工有關連的開支","公務員公積金供款",5810,6800,7600,8842
"147","部門開支","委員會成員酬金",2099,2358,2391,2567
"147","部門開支","一般部門開支",21217,20797,21422,22405
"148","個人薪酬","薪金",139184,143749,123000,96900
"148","個人薪酬","津貼",8411,9747,6510,5690
"148","個人薪酬","工作相關津貼",1,2,2,2
"148","與員工有關連的開支","強制性公積金供款",157,123,145,129
"148","與員工有關連的開支","公務員公積金供款",3933,4646,4730,5424
"148","部門開支","僱用服務及專業費用",39359,33314,27000,32600
"148","部門開支","一般部門開支",98697,89282,80000,58272
"148","資助金","金融發展局",0,0,0,23280
"151","個人薪酬","薪金",137864,160000,150000,178622
"151","個人薪酬","津貼",3955,5515,4142,4515
"151","個人薪酬","工作相關津貼",8,22,15,22
"151","與員工有關連的開支","強制性公積金供款",305,275,435,384
"151","與員工有關連的開支","公務員公積金供款",6584,7713,7668,8456
"151","部門開支","委員會成員酬金",28351,65106,54265,84786
"151","部門開支","一般部門開支",67807,217736,109729,213466
"151","其他費用","世界海關組織",206,220,221,240
"151","其他費用","聯合國禁毒署及世界衞生組織",217,217,217,217
"151","其他費用","禁毒常務委員會",4589,4600,4600,4600
"151","資助金","由當值律師服務運作的免遣返聲請法律支援計劃",121998,145226,120751,147050
"152","個人薪酬","薪金",163681,198414,188497,223383
"152","個人薪酬","津貼",7568,8128,6840,8186
"152","個人薪酬","工作相關津貼",0,4,4,4
"152","與員工有關連的開支","強制性公積金供款",208,164,202,169
"152","與員工有關連的開支","公務員公積金供款",7250,11498,8355,12864
"152","與員工有關連的開支","外調補助津貼",171,0,0,87
"152","部門開支","一般部門開支",170023,249061,233620,403782
"152","其他費用","向世界貿易組織繳交的款項",40168,45172,40174,46060
"152","資助金","消費者委員會",112079,104732,106917,111984
"152","資助金","港日經濟合作委員會",3610,3610,3610,3610
"152","資助金","香港旅遊發展局",883200,944443,951193,941193
"152","資助金","香港貿易發展局",389457,385523,385523,435523
"152","資助金","競爭事務委員會",79532,78693,80245,101871
"155","個人薪酬","薪金",146129,160017,158438,188054
"155","個人薪酬","津貼",3955,5254,5170,5347
"155","個人薪酬","工作相關津貼",0,2,2,2
"155","與員工有關連的開支","強制性公積金供款",518,439,643,647
"155","與員工有關連的開支","公務員公積金供款",5825,6967,7666,9077
"155","部門開支","一般部門開支",79861,83263,84746,117658
"155","資助金","香港生產力促進局",200819,212955,215876,205616
"155","資助金","香港應用科技研究院有限公司",140063,143648,143648,143648
"156","個人薪酬","薪金",3188418,3296387,3308697,3443210
"156","個人薪酬","津貼",41272,45542,46083,47414
"156","個人薪酬","工作相關津貼",10,35,22,35
"156","與員工有關連的開支","強制性公積金供款",10111,13526,11907,16071
"156","與員工有關連的開支","公務員公積金供款",87347,109676,109442,133127
"156","部門開支","臨時僱員",468832,475166,525000,558987
"156","部門開支","就特別委任而支付的酬金",107453,115282,111251,120129
"156","部門開支","一般部門開支",585418,597073,585195,683258
"156","其他費用","教師訓練",72992,96839,88760,89311
"156","其他費用","課程發展處",248689,251389,238417,254919
"156","其他費用","官立學校科目及課程整筆津貼",129068,136478,130836,139038
"156","其他費用","職業及專上教育的資助及獎學金計劃",70866,182600,751622,1570198
"156","其他費用","學校課外活動、計劃、津貼及獎品",210786,236807,221117,286153
"156","其他費用","學前教育學券計劃",3194047,1116348,1127289,23747
"156","資助金","小學資助則例",14132245,14654071,15217021,16306829
"156","資助金","中學資助則例",20312077,20353321,20800276,21447402
"156","資助金","特殊學校資助則例",2237777,2361990,2392265,2628224
"156","資助金","直接資助計劃",3818253,3988838,4013186,4213362
"156","資助金","幼兒中心資助計劃",15384,16134,15503,17151
"156","資助金","向按位津貼學校給予援助",95557,94677,101847,102928
"156","資助金","英基學校協會小學",108933,92086,92073,75269
"156","資助金","英基學校協會中學",171621,172034,171988,172191
"156","資助金","向私立學校、教育機構及自修室發還租金、差餉和地租",412908,232765,248713,143401
"156","資助金","雜項教育服務",279354,341852,306656,362097
"156","資助金","職業訓練局",2359730,2312005,2376473,2384126
"156","資助金","免費優質幼稚園教育計劃",0,4052439,3901818,5949392
"158","個人薪酬","薪金",146819,164265,157039,166960
"158","個人薪酬","津貼",6924,6493,6504,6454
"158","個人薪酬","工作相關津貼",1,3,3,3
"158","與員工有關連的開支","強制性公積金供款",401,279,426,272
"158","與員工有關連的開支","公務員公積金供款",7230,8691,8296,10126
"158","部門開支","一般部門開支",50246,51678,64330,59247
"159","個人薪酬","薪金",207565,245294,226918,262721
"159","個人薪酬","津貼",5735,5509,4692,4692
"159","個人薪酬","工作相關津貼",1,12,12,12
"159","與員工有關連的開支","強制性公積金供款",360,263,380,284
"159","與員工有關連的開支","公務員公積金供款",6722,7789,8998,10816
"159","部門開支","臨時僱員",84185,77120,91723,98938
"159","部門開支","一般部門開支",68359,101020,96607,111640
"159","其他費用","由房屋署維修政府斜坡",1700,1600,1600,1800
"160","個人薪酬","薪金",359043,383420,393000,400655
"160","個人薪酬","津貼",9136,10146,8000,10920
"160","個人薪酬","工作相關津貼",432,398,600,604
"160","與員工有關連的開支","強制性公積金供款",2912,3097,2847,2566
"160","與員工有關連的開支","公務員公積金供款",11756,17119,16577,24339
"160","與員工有關連的開支","外調補助津貼",9,21,10,12
"160","部門開支","一般部門開支",509999,515884,509700,510155
"162","個人薪酬","薪金",422257,428889,432651,443564
"162","個人薪酬","津貼",5337,6462,6547,6910
"162","個人薪酬","工作相關津貼",12,16,20,20
"162","與員工有關連的開支","強制性公積金供款",1003,1685,1390,2063
"162","與員工有關連的開支","公務員公積金供款",10022,12088,12258,14735
"162","部門開支","臨時僱員",19602,18966,18151,21833
"162","部門開支","一般部門開支",54695,57200,60352,65103
"163","個人薪酬","薪金",118076,84918,104093,117724
"163","個人薪酬","津貼",3526,1156,2183,1496
"163","個人薪酬","工作相關津貼",0,136,129,148
"163","與員工有關連的開支","強制性公積金供款",407,445,399,710
"163","與員工有關連的開支","公務員公積金供款",5571,4217,5672,6668
"163","部門開支","委員會成員酬金",480,480,480,480
"163","部門開支","一般部門開支",15445,25497,31976,28179
"163","其他費用","選舉開支",776917,437310,197440,555952
"166","個人薪酬","薪金",146143,154570,153073,164085
"166","個人薪酬","津貼",3387,4514,2820,5875
"166","個人薪酬","工作相關津貼",98,110,113,112
"166","與員工有關連的開支","強制性公積金供款",701,843,791,1064
"166","與員工有關連的開支","公務員公積金供款",6099,7878,7465,9106
"166","部門開支","燃料及潤滑油",29163,39580,39580,40490
"166","部門開支","一般部門開支",61130,87909,77967,97541
"166","其他費用","政府飛行服務隊福利基金補助金",10,11,11,12
"166","其他費用","輔助部隊的薪酬及津貼",898,940,900,990
"166","其他費用","政府飛行服務隊的訓練費用",17075,22292,24095,24020
"168","個人薪酬","薪金",191771,198566,196519,208405
"168","個人薪酬","津貼",1649,1874,1748,2048
"168","個人薪酬","工作相關津貼",452,488,787,655
"168","與員工有關連的開支","強制性公積金供款",545,398,619,788
"168","與員工有關連的開支","公務員公積金供款",5082,6478,6125,7414
"168","部門開支","一般部門開支",87197,83848,85857,98768
"168","其他費用","世界氣象組織",110,110,107,110
"169","個人薪酬","薪金",12497,13420,13671,14087
"169","個人薪酬","津貼",549,545,391,378
"169","個人薪酬","工作相關津貼",0,1,0,1
"169","與員工有關連的開支","強制性公積金供款",8,0,7,9
"169","與員工有關連的開支","公務員公積金供款",815,1045,1013,1055
"169","部門開支","一般部門開支",5277,6191,5291,9043
"170","個人薪酬","薪金",2811654,2928963,2915439,3086844
"170","個人薪酬","津貼",21641,23681,24150,24827
"170","個人薪酬","工作相關津貼",1624,1859,1584,1492
"170","與員工有關連的開支","強制性公積金供款",8657,10904,9434,13972
"170","與員工有關連的開支","公務員公積金供款",103757,125222,123675,145414
"170","部門開支","一般部門開支",255196,278979,267984,336470
"170","其他費用","緊急救援基金補助金",5000,5000,5000,5000
"170","其他費用","院舍活動及訓練開支",154118,207430,190184,221000
"170","其他費用","福利服務的其他費用",1871564,2301527,2016545,2911670
"170","其他費用","聯合國兒童基金",128,128,128,128
"170","資助金","社會福利服務(補助金)",14444230,15045061,15005249,16665517
"170","資助金","發還差餉",92759,81000,81000,82000
"173","個人薪酬","薪金",357500,432963,402753,466579
"173","個人薪酬","津貼",5887,6176,6174,6502
"173","與員工有關連的開支","強制性公積金供款",3328,4564,3707,3602
"173","與員工有關連的開支","公務員公積金供款",10434,17289,14251,23587
"173","部門開支","一般部門開支",241987,261959,254027,301728
"174","個人薪酬","薪金",27320,26510,27276,26193
"174","個人薪酬","津貼",351,545,346,766
"174","與員工有關連的開支","強制性公積金供款",8,8,14,11
"174","與員工有關連的開支","公務員公積金供款",1040,1134,1227,1348
"174","部門開支","一般部門開支",1691,4910,3960,5439
"180","個人薪酬","薪金",33427,33676,34888,35724
"180","個人薪酬","津貼",64,77,138,75
"180","與員工有關連的開支","強制性公積金供款",154,167,87,49
"180","與員工有關連的開支","公務員公積金供款",984,1155,1210,1698
"180","部門開支","一般部門開支",11593,13270,12225,12770
"181","個人薪酬","薪金",260901,270827,262038,270115
"181","個人薪酬","津貼",6383,7253,7069,7069
"181","個人薪酬","工作相關津貼",0,2,2,2
"181","與員工有關連的開支","強制性公積金供款",776,555,788,740
"181","與員工有關連的開支","公務員公積金供款",7581,9337,9545,10985
"181","部門開支","一般部門開支",72578,66154,76682,71932
"181","其他費用","向亞太區經濟合作組織繳交的年費及付出的款項",1212,1255,1272,1280
"181","其他費用","貿易談判及有關的活動",9706,11900,9000,11000
"181","其他費用","舉辦香港工商業獎所付出的款項",2000,2000,2000,2000
"181","其他費用","向太平洋經濟合作議會繳交的年費",127,128,128,128
"186","個人薪酬","薪金",797065,865972,844042,940724
"186","個人薪酬","津貼",21788,21984,26047,26047
"186","個人薪酬","工作相關津貼",223,265,378,378
"186","與員工有關連的開支","強制性公積金供款",3274,3430,3337,5153
"186","與員工有關連的開支","公務員公積金供款",30901,40210,38873,48791
"186","部門開支","電燈及電力",4281,3722,3919,4515
"186","部門開支","合約維修工作",222045,316501,213660,433480
"186","部門開支","工場服務",192825,188802,206974,218279
"186","部門開支","一般部門開支",188292,170158,221513,236353
"186","資助金","為殘疾人士提供的特別交通設施",69897,76164,77538,82058
"188","個人薪酬","薪金",211915,217399,221403,225313
"188","個人薪酬","津貼",3154,3397,3643,4301
"188","個人薪酬","工作相關津貼",27,19,46,46
"188","與員工有關連的開支","強制性公積金供款",897,785,910,810
"188","與員工有關連的開支","公務員公積金供款",4661,6400,6416,8079
"188","部門開支","一般部門開支",158625,160051,161463,162156
"190","個人薪酬","薪金",44831,50152,47288,54700
"190","個人薪酬","津貼",815,960,1243,1297
"190","個人薪酬","工作相關津貼",0,1,1,1
"190","與員工有關連的開支","強制性公積金供款",115,93,130,97
"190","與員工有關連的開支","公務員公積金供款",1768,2535,1918,2997
"190","部門開支","一般部門開支",40350,52054,47054,63405
"190","其他費用","海外委員的酬金",11313,14281,13024,15257
"190","其他費用","支付教資會、研究資助局及質素保證局的會議開支",15793,29024,20506,34553
"190","資助金","教資會資助大學補助金",18126374,18138223,18503591,18587580
"190","資助金","發還差餉及地租－教資會資助大學",312985,319772,313400,323126
"190","資助金","居所資助計劃",1312,500,500,0
"190","資助金","除居所資助計劃外與房屋有關的開支",54826,54100,54100,54100
"194","個人薪酬","薪金",1609853,1653125,1653606,1712487
"194","個人薪酬","津貼",133361,127207,137905,137905
"194","個人薪酬","工作相關津貼",9903,9442,9944,9944
"194","與員工有關連的開支","強制性公積金供款",7306,9304,8783,11286
"194","與員工有關連的開支","公務員公積金供款",39650,52992,50342,64789
"194","部門開支","電燈及電力",648601,667992,645000,670000
"194","部門開支","僱用服務及專業費用",112661,110058,119963,114113
"194","部門開支","燃料及潤滑油",195,170,170,170
"194","部門開支","專門用途的物料及設備",108546,124495,108243,110289
"194","部門開支","維修材料",48341,59160,57337,57337
"194","部門開支","合約維修工作",571376,501606,545733,511601
"194","部門開支","一般部門開支",149932,166581,187997,196176
